{"stats":{"minecraft:mined":{"minecraft:tuff":22,"minecraft:deepslate_diamond_ore":15,"minecraft:kelp_plant":2,"minecraft:mangrove_roots":2,"minecraft:dark_oak_fence":1,"minecraft:grass_block":1,"minecraft:jungle_planks":1,"minecraft:deepslate_gold_ore":17,"minecraft:diorite":18,"minecraft:mangrove_propagule":2,"minecraft:spawner":1,"minecraft:white_terracotta":2,"minecraft:orange_concrete":1,"minecraft:mud":1,"minecraft:iron_ore":6,"minecraft:andesite":26,"minecraft:mangrove_leaves":7,"minecraft:grass":6,"minecraft:coal_ore":4,"minecraft:gravel":8,"minecraft:dirt":2,"minecraft:mangrove_log":5,"minecraft:stone":64,"minecraft:deepslate":151},"minecraft:picked_up":{"minecraft:mud":1,"minecraft:andesite":26,"paraglider:spirit_orb":2,"minecraft:tuff":22,"minecraft:dirt":3,"minecraft:orange_concrete":1,"minecraft:bone":2,"minecraft:kelp":6,"minecraft:cobbled_deepslate":179,"minecraft:raw_gold":17,"minecraft:mangrove_log":5,"minecraft:raw_iron":6,"minecraft:gravel":8,"minecraft:jungle_planks":1,"minecraft:diorite":18,"minecraft:arrow":2,"minecraft:diamond":15,"minecraft:mangrove_roots":2,"minecraft:white_terracotta":1,"minecraft:obsidian":8,"minecraft:mangrove_propagule":4,"minecraft:dark_oak_fence":1,"minecraft:coal":4,"minecraft:cobblestone":66},"minecraft:killed":{"minecraft:skeleton":1},"minecraft:crafted":{"minecraft:wooden_shovel":1,"minecraft:crafting_table":3,"minecraft:wooden_pickaxe":1,"minecraft:furnace":1,"minecraft:mangrove_planks":20,"minecraft:air":0,"minecraft:diamond_helmet":1,"minecraft:diamond_leggings":1,"minecraft:stick":8,"minecraft:iron_ingot":6,"minecraft:iron_pickaxe":1,"minecraft:stone_pickaxe":1},"minecraft:killed_by":{"minecraft:player":2,"minecraft:zombie":1,"minecraft:pillager":1,"minecraft:iron_golem":1},"minecraft:used":{"minecraft:diorite":18,"minecraft:stone_pickaxe":85,"minecraft:wooden_pickaxe":52,"minecraft:wooden_shovel":7,"minecraft:dirt":3,"minecraft:crafting_table":3,"minecraft:obsidian":6,"minecraft:iron_pickaxe":212,"minecraft:mangrove_roots":2,"minecraft:furnace":1,"minecraft:andesite":26,"tombstone:gift":1,"alexsmobs:animal_dictionary":2,"minecraft:cobbled_deepslate":17},"minecraft:dropped":{"minecraft:kelp":12,"minecraft:mangrove_propagule":4},"minecraft:custom":{"minecraft:interact_with_furnace":8,"minecraft:mob_kills":2,"minecraft:interact_with_crafting_table":7,"minecraft:open_barrel":1,"minecraft:leave_game":1,"minecraft:time_since_death":499,"minecraft:climb_one_cm":5062,"minecraft:time_since_rest":1,"minecraft:sprint_one_cm":39529,"minecraft:damage_taken":3031,"minecraft:walk_one_cm":69288,"minecraft:drop":16,"minecraft:damage_dealt":576,"minecraft:swim_one_cm":4676,"minecraft:fly_one_cm":85915,"minecraft:open_chest":20,"minecraft:crouch_one_cm":5238,"minecraft:play_time":36984,"tombstone:undead_killed":1,"minecraft:deaths":8,"minecraft:sneak_time":4534,"minecraft:walk_under_water_one_cm":16050,"minecraft:boat_one_cm":7560,"minecraft:jump":472,"minecraft:interact_with_blast_furnace":1,"minecraft:walk_on_water_one_cm":21186,"minecraft:total_world_time":36984,"minecraft:fall_one_cm":22116}},"DataVersion":3465}