{"stats":{"minecraft:dropped":{"minecraft:crossbow":2,"minecraft:jungle_fence":3,"minecraft:feather":4,"minecraft:cobblestone":23,"minecraft:glow_berries":12,"minecraft:jungle_wood":5,"minecraft:leather":2,"minecraft:granite":9,"minecraft:saddle":1,"minecraft:rail":2,"minecraft:dirt":27,"minecraft:gray_wool":1,"minecraft:diorite":10,"minecraft:ink_sac":2,"minecraft:iron_axe":3,"minecraft:iron_pickaxe":2,"minecraft:string":6,"minecraft:white_wool":1,"minecraft:bone":12,"minecraft:bricks":3,"minecraft:iron_nugget":3,"minecraft:stone_sword":1,"minecraft:cobbled_deepslate":1,"minecraft:cocoa_beans":1,"minecraft:rotten_flesh":7,"alexsmobs:emu_egg":2,"minecraft:salmon":4,"minecraft:leather_chestplate":2,"minecraft:shield":1,"minecraft:gunpowder":2,"minecraft:mossy_stone_bricks":1,"minecraft:leather_boots":1,"minecraft:leather_leggings":1,"minecraft:stone_bricks":2,"minecraft:bamboo":1,"minecraft:sandstone":3,"minecraft:stone_pickaxe":1,"minecraft:brick_slab":4},"minecraft:used":{"minecraft:chest":1,"minecraft:shield":78,"minecraft:iron_sword":83,"minecraft:cooked_salmon":2,"minecraft:cooked_chicken":8,"minecraft:torch":13,"minecraft:dirt":13,"minecraft:jungle_sapling":1,"minecraft:wooden_axe":56,"simplyswords:diamond_scythe":107,"friendsandfoes:totem_of_illusion":1,"minecraft:iron_axe":165,"friendsandfoes:totem_of_freezing":1,"minecraft:furnace":4,"tombstone:gift":6,"minecraft:cooked_beef":17,"minecraft:brown_bed":2,"farmersdelight:iron_knife":12,"minecraft:cooked_mutton":16,"minecraft:water_bucket":43,"minecraft:iron_ore":66,"minecraft:stone_pickaxe":224,"minecraft:wooden_pickaxe":14,"minecraft:white_wool":4,"minecraft:sand":1,"minecraft:crafting_table":13,"minecraft:red_bed":4,"minecraft:blast_furnace":1,"minecraft:crossbow":3,"minecraft:campfire":5,"minecraft:birch_fence":1,"minecraft:apple":9,"minecraft:bread":12,"minecraft:iron_pickaxe":188,"minecraft:stone_axe":22,"minecraft:blue_carpet":1,"farmersdelight:cooked_bacon":5,"minecraft:cobblestone":86,"minecraft:cooked_rabbit":1,"travelersbackpack:standard":1,"minecraft:cooked_porkchop":1,"minecraft:bucket":44},"minecraft:broken":{"minecraft:iron_boots":1,"minecraft:stone_pickaxe":1,"minecraft:wooden_axe":1},"minecraft:mined":{"minecraft:dark_oak_planks":8,"minecraft:blue_carpet":1,"minecraft:jungle_leaves":23,"minecraft:granite":1,"minecraft:grass_block":18,"minecraft:jungle_planks":2,"minecraft:jungle_log":14,"minecraft:sandstone":14,"minecraft:spawner":15,"minecraft:hay_block":1,"minecraft:furnace":4,"minecraft:iron_ore":104,"minecraft:cobbled_deepslate":2,"minecraft:brown_bed":2,"minecraft:dirt_path":2,"minecraft:vine":3,"minecraft:stone":169,"minecraft:red_bed":5,"travelersbackpack:standard":3,"minecraft:crafting_table":10,"minecraft:torch":2,"minecraft:blast_furnace":3,"minecraft:dead_bush":5,"minecraft:cobblestone":9,"minecraft:bricks":3,"minecraft:diorite":15,"minecraft:wall_torch":1,"minecraft:brick_slab":2,"minecraft:jungle_wood":14,"minecraft:birch_leaves":2,"minecraft:mangrove_leaves":6,"minecraft:grass":14,"minecraft:oak_log":43,"minecraft:coal_ore":48,"minecraft:sand":11,"minecraft:dirt":25,"minecraft:cobweb":4,"minecraft:mangrove_log":1,"minecraft:cracked_stone_bricks":6,"minecraft:stone_bricks":10,"minecraft:mossy_stone_bricks":4,"minecraft:oak_leaves":11,"minecraft:birch_fence":1,"minecraft:fern":2,"paraglider:goddess_statue":1},"minecraft:picked_up":{"minecraft:cocoa_beans":1,"minecraft:crafting_table":11,"minecraft:chicken":3,"minecraft:leather_leggings":1,"minecraft:wooden_pickaxe":1,"friendsandfoes:totem_of_illusion":1,"minecraft:brown_bed":2,"minecraft:cooked_rabbit":1,"minecraft:enchanted_book":1,"minecraft:cooked_salmon":2,"alexsmobs:gazelle_horn":4,"paraglider:goddess_statue":1,"minecraft:string":9,"minecraft:red_bed":5,"minecraft:iron_axe":2,"minecraft:birch_fence":1,"farmersdelight:beef_patty":5,"minecraft:cobbled_deepslate":3,"alexsmobs:banana":1,"minecraft:beef":16,"minecraft:jungle_sapling":1,"minecraft:iron_pickaxe":1,"minecraft:furnace":5,"minecraft:mangrove_log":2,"minecraft:egg":1,"minecraft:sandstone":3,"minecraft:stick":26,"minecraft:raw_iron":104,"minecraft:torch":4,"tombstone:grave_dust":2,"minecraft:diorite":25,"minecraft:redstone":2,"minecraft:blue_carpet":1,"minecraft:dark_oak_planks":10,"minecraft:stone_sword":1,"minecraft:arrow":40,"minecraft:rotten_flesh":15,"minecraft:hay_block":1,"alexsmobs:emu_egg":2,"minecraft:saddle":2,"minecraft:glow_berries":24,"minecraft:obsidian":1,"minecraft:mutton":25,"minecraft:rail":2,"minecraft:white_wool":11,"minecraft:cobblestone":190,"minecraft:cooked_beef":2,"minecraft:leather_chestplate":1,"minecraft:feather":4,"minecraft:salmon":6,"minecraft:jungle_log":14,"minecraft:leather":8,"minecraft:jungle_fence":3,"minecraft:jungle_wood":15,"paraglider:spirit_orb":24,"minecraft:flint":3,"minecraft:oak_log":63,"farmersdelight:cooked_bacon":5,"minecraft:gunpowder":2,"minecraft:dirt":64,"tombstone:gift":1,"minecraft:white_banner":5,"minecraft:cooked_mutton":20,"minecraft:bone":16,"minecraft:apple":8,"minecraft:stone_bricks":2,"minecraft:wheat_seeds":4,"minecraft:iron_ingot":4,"minecraft:stone_pickaxe":2,"minecraft:cooked_chicken":3,"minecraft:mossy_stone_bricks":1,"minecraft:rabbit":1,"minecraft:bamboo":1,"minecraft:oak_planks":64,"friendsandfoes:totem_of_freezing":1,"minecraft:cooked_porkchop":1,"minecraft:sand":62,"minecraft:blast_furnace":3,"minecraft:ink_sac":2,"travelersbackpack:standard":3,"minecraft:bundle":1,"alexsmobs:animal_dictionary":1,"minecraft:brick_slab":4,"minecraft:stone_axe":1,"alexsmobs:rattlesnake_rattle":1,"minecraft:crossbow":4,"minecraft:granite":10,"minecraft:gray_wool":1,"minecraft:bread":16,"minecraft:emerald":15,"alexsmobs:maggot":2,"minecraft:oak_sapling":34,"minecraft:dark_oak_fence":4,"minecraft:bricks":6,"minecraft:coal":48},"minecraft:killed":{"minecraft:cave_spider":2,"minecraft:witch":1,"alexsmobs:tarantula_hawk":1,"minecraft:spider":2,"minecraft:vindicator":5,"alexsmobs:rattlesnake":1,"creeperoverhaul:bamboo_creeper":1,"minecraft:skeleton":14,"friendsandfoes:mauler":1,"minecraft:chicken":3,"alexsmobs:capuchin_monkey":1,"minecraft:illusioner":1,"friendsandfoes:iceologer":1,"minecraft:husk":7,"minecraft:ravager":1,"minecraft:sheep":14,"alexsmobs:catfish":1,"minecraft:pillager":23,"minecraft:zombie":8,"creeperoverhaul:ocean_creeper":1,"alexsmobs:terrapin":1,"alexsmobs:gazelle":5,"alexsmobs:roadrunner":1,"creeperoverhaul:savannah_creeper":1,"minecraft:cow":6},"minecraft:crafted":{"minecraft:oak_planks":104,"minecraft:furnace":1,"minecraft:cooked_mutton":1,"minecraft:iron_boots":1,"minecraft:iron_axe":2,"minecraft:stone_pickaxe":2,"minecraft:chest":1,"minecraft:cooked_beef":7,"minecraft:crafting_table":3,"minecraft:wooden_pickaxe":1,"minecraft:iron_helmet":1,"minecraft:iron_sword":1,"minecraft:campfire":5,"minecraft:stone_axe":1,"minecraft:jungle_planks":56,"minecraft:iron_chestplate":1,"minecraft:shield":2,"minecraft:stick":20,"minecraft:iron_ingot":122,"minecraft:iron_pickaxe":2,"minecraft:wooden_axe":1,"minecraft:iron_leggings":1,"minecraft:torch":12},"minecraft:killed_by":{"minecraft:husk":2,"minecraft:player":1,"minecraft:pillager":2,"minecraft:ravager":1,"minecraft:vindicator":2,"minecraft:skeleton":14,"alexsmobs:komodo_dragon":1,"minecraft:vex":1},"minecraft:custom":{"minecraft:interact_with_smithing_table":1,"minecraft:mob_kills":107,"minecraft:interact_with_crafting_table":30,"minecraft:open_barrel":57,"minecraft:interact_with_campfire":39,"minecraft:leave_game":2,"minecraft:time_since_death":43809,"minecraft:climb_one_cm":33447,"minecraft:sprint_one_cm":838687,"minecraft:walk_one_cm":615191,"minecraft:damage_blocked_by_shield":4142,"minecraft:drop":62,"minecraft:play_time":232413,"minecraft:sneak_time":4867,"minecraft:deaths":28,"minecraft:walk_under_water_one_cm":27244,"minecraft:jump":5150,"minecraft:interact_with_blast_furnace":17,"minecraft:walk_on_water_one_cm":56806,"minecraft:total_world_time":232413,"minecraft:interact_with_furnace":21,"tombstone:raider_killed":11,"minecraft:sleep_in_bed":9,"minecraft:time_since_rest":18818,"minecraft:damage_taken":12869,"minecraft:trigger_trapped_chest":1,"minecraft:damage_dealt":20435,"minecraft:swim_one_cm":112396,"minecraft:fly_one_cm":958940,"tombstone:undead_killed":16,"minecraft:open_chest":117,"minecraft:crouch_one_cm":12379,"minecraft:fall_one_cm":163706}},"DataVersion":3465}