{"stats":{"minecraft:picked_up":{"minecraft:iron_chestplate":1,"minecraft:crafting_table":16,"minecraft:chainmail_boots":1,"minecraft:leather_leggings":1,"minecraft:wooden_pickaxe":1,"minecraft:string":3,"minecraft:red_bed":3,"minecraft:iron_axe":2,"minecraft:iron_leggings":1,"minecraft:diamond_leggings":2,"minecraft:cobbled_deepslate":37,"minecraft:beef":10,"minecraft:ender_eye":9,"minecraft:poppy":6,"minecraft:iron_pickaxe":1,"minecraft:light_gray_wool":4,"minecraft:melon_slice":99,"minecraft:sugar_cane":33,"minecraft:furnace":2,"minecraft:egg":1,"minecraft:stick":3,"minecraft:raw_iron":23,"minecraft:acacia_fence":1,"minecraft:torch":16,"minecraft:acacia_log":7,"minecraft:diorite":22,"minecraft:redstone":3,"minecraft:dark_oak_planks":10,"minecraft:stone_sword":1,"minecraft:rotten_flesh":5,"minecraft:arrow":28,"minecraft:light_gray_bed":3,"minecraft:diamond_boots":2,"minecraft:hay_block":70,"minecraft:saddle":1,"minecraft:totem_of_undying":1,"minecraft:bone_block":29,"minecraft:cobblestone":214,"minecraft:leather_chestplate":1,"minecraft:feather":6,"minecraft:andesite":3,"minecraft:jungle_log":6,"minecraft:leather":4,"minecraft:jungle_fence":2,"minecraft:jungle_wood":5,"minecraft:smoker":1,"paraglider:spirit_orb":8,"minecraft:tuff":10,"create:raw_zinc":2,"minecraft:gunpowder":3,"minecraft:dirt":42,"minecraft:paper":8,"minecraft:white_banner":1,"minecraft:bone":5,"minecraft:chipped_anvil":2,"minecraft:acacia_planks":10,"minecraft:stone_bricks":2,"minecraft:bow":1,"minecraft:wheat_seeds":12,"minecraft:iron_ingot":11,"minecraft:stone_pickaxe":1,"minecraft:diamond_helmet":2,"minecraft:stone_hoe":2,"minecraft:acacia_sapling":4,"friendsandfoes:totem_of_freezing":1,"minecraft:book":54,"minecraft:gravel":7,"minecraft:jungle_planks":2,"minecraft:blast_furnace":2,"minecraft:trapped_chest":1,"minecraft:dark_oak_log":4,"minecraft:spider_eye":1,"minecraft:diamond":6,"minecraft:stone_axe":2,"minecraft:granite":62,"minecraft:bread":20,"minecraft:emerald":8,"minecraft:coal":73},"minecraft:used":{"minecraft:stone_sword":5,"minecraft:stone_shovel":23,"minecraft:bone_block":12,"minecraft:shield":29,"minecraft:iron_sword":43,"minecraft:stone_hoe":33,"minecraft:torch":89,"minecraft:jungle_planks":14,"minecraft:granite":43,"minecraft:dark_oak_planks":1,"minecraft:chipped_anvil":2,"minecraft:iron_axe":242,"minecraft:light_gray_wool":1,"minecraft:hay_block":7,"minecraft:goat_horn":3,"minecraft:furnace":2,"minecraft:cobbled_deepslate":17,"minecraft:acacia_planks":20,"minecraft:light_gray_bed":3,"minecraft:wheat_seeds":1,"minecraft:water_bucket":27,"minecraft:diorite":2,"minecraft:stone_pickaxe":240,"minecraft:ender_pearl":7,"minecraft:wooden_pickaxe":13,"minecraft:golden_apple":1,"minecraft:crafting_table":17,"minecraft:red_bed":3,"minecraft:ender_eye":13,"minecraft:bread":93,"minecraft:iron_pickaxe":169,"minecraft:stone_axe":38,"minecraft:cobblestone":136,"minecraft:andesite":3,"minecraft:bucket":28},"minecraft:mined":{"minecraft:dark_oak_planks":14,"create:zinc_ore":1,"minecraft:deepslate_diamond_ore":5,"minecraft:jungle_leaves":2,"minecraft:dark_oak_log":4,"minecraft:granite":53,"minecraft:dark_oak_fence":4,"minecraft:acacia_log":9,"minecraft:grass_block":8,"minecraft:jungle_log":6,"minecraft:light_gray_bed":3,"minecraft:spawner":5,"minecraft:hay_block":71,"minecraft:furnace":2,"minecraft:iron_ore":23,"minecraft:cobbled_deepslate":2,"minecraft:andesite":3,"minecraft:bookshelf":18,"minecraft:vine":2,"minecraft:stone":194,"minecraft:bone_block":31,"minecraft:red_bed":3,"minecraft:crafting_table":15,"minecraft:torch":1,"minecraft:blast_furnace":1,"minecraft:melon":20,"minecraft:cobblestone":17,"minecraft:sugar_cane":18,"minecraft:diorite":12,"minecraft:wall_torch":12,"minecraft:cyan_wool":2,"minecraft:jungle_wood":9,"minecraft:wheat":1,"minecraft:jungle_fence":6,"minecraft:light_gray_wool":5,"minecraft:grass":9,"minecraft:coal_ore":24,"minecraft:sand":1,"minecraft:acacia_fence":1,"minecraft:gravel":7,"minecraft:dirt":17,"minecraft:acacia_planks":10,"minecraft:stone_bricks":6,"minecraft:chipped_anvil":2,"minecraft:oak_leaves":2,"minecraft:deepslate":30,"minecraft:fern":1},"minecraft:killed_by":{"minecraft:spider":1,"minecraft:ravager":1,"minecraft:vindicator":2,"minecraft:skeleton":4,"minecraft:illusioner":1},"minecraft:broken":{"minecraft:stone_pickaxe":1},"minecraft:custom":{"minecraft:interact_with_anvil":7,"minecraft:mob_kills":54,"minecraft:interact_with_crafting_table":51,"minecraft:open_barrel":17,"minecraft:bell_ring":7,"minecraft:leave_game":6,"minecraft:time_since_death":28538,"minecraft:climb_one_cm":26993,"minecraft:sprint_one_cm":512817,"minecraft:walk_one_cm":344244,"minecraft:damage_blocked_by_shield":2028,"minecraft:drop":134,"minecraft:play_time":164641,"minecraft:sneak_time":12116,"minecraft:deaths":10,"minecraft:walk_under_water_one_cm":16854,"minecraft:jump":4678,"minecraft:walk_on_water_one_cm":45005,"minecraft:total_world_time":164641,"minecraft:interact_with_furnace":28,"minecraft:raid_trigger":1,"minecraft:interact_with_grindstone":1,"minecraft:sleep_in_bed":2,"minecraft:time_since_rest":8248,"minecraft:damage_taken":7734,"minecraft:damage_absorbed":40,"minecraft:trigger_trapped_chest":1,"minecraft:damage_dealt":15625,"minecraft:player_kills":1,"minecraft:swim_one_cm":104121,"minecraft:fly_one_cm":859630,"minecraft:open_chest":98,"minecraft:crouch_one_cm":31382,"minecraft:fall_one_cm":158478,"minecraft:interact_with_smithing_table":1,"minecraft:horse_one_cm":311},"minecraft:dropped":{"minecraft:stone_hoe":3,"minecraft:golden_boots":1,"minecraft:iron_ingot":6,"minecraft:bread":36,"minecraft:iron_sword":1,"minecraft:wheat_seeds":11,"minecraft:golden_helmet":1,"minecraft:crafting_table":1,"minecraft:diamond_leggings":2,"minecraft:iron_helmet":1,"minecraft:jungle_fence":2,"minecraft:feather":6,"minecraft:cobblestone":39,"minecraft:glow_berries":12,"minecraft:jungle_wood":1,"minecraft:leather":4,"minecraft:granite":19,"minecraft:jungle_planks":5,"minecraft:iron_horse_armor":1,"minecraft:sentry_armor_trim_smithing_template":2,"paraglider:spirit_orb":4,"minecraft:stick":29,"minecraft:dirt":42,"minecraft:diorite":20,"farmersdelight:cooking_pot":1,"minecraft:melon_slice":64,"minecraft:diamond_helmet":2,"minecraft:iron_leggings":3,"minecraft:white_banner":1,"minecraft:iron_axe":3,"minecraft:iron_pickaxe":2,"minecraft:dark_oak_planks":5,"minecraft:string":3,"minecraft:trapped_chest":1,"minecraft:acacia_planks":3,"create:raw_zinc":2,"minecraft:bone":1,"minecraft:redstone":3,"minecraft:gravel":7,"simplyswords:runic_tablet":2,"minecraft:stone_axe":3,"minecraft:goat_horn":1,"minecraft:stone_sword":2,"alexsmobs:animal_dictionary":1,"minecraft:cobbled_deepslate":20,"minecraft:tuff":10,"minecraft:wheat":9,"minecraft:rotten_flesh":5,"minecraft:iron_boots":1,"minecraft:blast_furnace":1,"minecraft:filled_map":1,"minecraft:poppy":6,"minecraft:leather_chestplate":2,"minecraft:gunpowder":3,"minecraft:iron_chestplate":2,"minecraft:acacia_sapling":4,"minecraft:chainmail_boots":1,"minecraft:leather_leggings":2,"minecraft:spider_eye":1,"minecraft:diamond_boots":3,"minecraft:bow":1,"minecraft:arrow":11,"minecraft:wooden_pickaxe":2,"minecraft:stone_pickaxe":2,"minecraft:acacia_fence":1},"minecraft:crafted":{"minecraft:stone_shovel":1,"minecraft:furnace":2,"minecraft:iron_boots":1,"minecraft:iron_axe":2,"minecraft:stone_pickaxe":2,"minecraft:diamond_boots":1,"minecraft:dark_oak_planks":16,"minecraft:ender_eye":1,"minecraft:stone_hoe":1,"minecraft:wheat":567,"minecraft:crafting_table":3,"minecraft:iron_helmet":1,"minecraft:wooden_pickaxe":1,"minecraft:iron_sword":1,"minecraft:bucket":1,"minecraft:stone_axe":1,"minecraft:bread":186,"minecraft:air":0,"minecraft:jungle_planks":40,"minecraft:light_gray_bed":1,"minecraft:iron_chestplate":1,"minecraft:shield":1,"minecraft:stick":68,"minecraft:iron_ingot":22,"minecraft:iron_pickaxe":2,"minecraft:stone_sword":1,"minecraft:iron_leggings":1,"minecraft:acacia_planks":28,"minecraft:torch":80,"minecraft:diamond_chestplate":1},"minecraft:killed":{"minecraft:evoker":1,"minecraft:cave_spider":1,"minecraft:witch":3,"alexsmobs:tarantula_hawk":1,"minecraft:spider":1,"minecraft:vindicator":4,"minecraft:skeleton":5,"friendsandfoes:mauler":1,"minecraft:drowned":1,"friendsandfoes:iceologer":1,"minecraft:husk":2,"minecraft:iron_golem":3,"minecraft:pillager":16,"minecraft:zombie":6,"minecraft:cow":5}},"DataVersion":3465}