{"stats":{"minecraft:used":{"minecraft:wheat_seeds":6,"minecraft:water_bucket":7,"minecraft:stone_sword":19,"minecraft:flint_and_steel":23,"minecraft:stone_pickaxe":82,"minecraft:spruce_slab":2,"minecraft:wooden_pickaxe":7,"minecraft:iron_sword":6,"minecraft:composter":3,"minecraft:torch":2,"minecraft:dirt":4,"minecraft:crafting_table":5,"minecraft:blast_furnace":1,"minecraft:carrot":1,"minecraft:white_bed":4,"minecraft:spruce_log":4,"minecraft:smoker":2,"minecraft:wooden_axe":43,"minecraft:bookshelf":1,"minecraft:iron_axe":75,"minecraft:lectern":69,"minecraft:stone_axe":125,"minecraft:cobblestone":4,"minecraft:sweet_berries":22,"minecraft:cooked_porkchop":2,"minecraft:bucket":9,"minecraft:yellow_bed":1,"minecraft:cooked_beef":6,"minecraft:potato":3,"minecraft:golden_pickaxe":1},"minecraft:picked_up":{"minecraft:crafting_table":2,"minecraft:wheat":6,"minecraft:cooked_beef":10,"minecraft:chicken":1,"minecraft:leather":10,"minecraft:brown_mushroom":2,"minecraft:smoker":1,"minecraft:potato":13,"minecraft:oak_stairs":2,"minecraft:oak_log":59,"minecraft:yellow_bed":1,"minecraft:dirt":4,"minecraft:string":2,"minecraft:cooked_mutton":12,"minecraft:blue_orchid":1,"minecraft:wheat_seeds":17,"minecraft:smooth_stone":8,"minecraft:beef":1,"minecraft:lectern":67,"minecraft:sugar_cane":29,"minecraft:iron_sword":1,"minecraft:oak_planks":3,"minecraft:book":3,"minecraft:stick":6,"minecraft:raw_iron":11,"minecraft:cooked_porkchop":5,"minecraft:sweet_berries":22,"minecraft:composter":3,"minecraft:torch":1,"minecraft:porkchop":4,"minecraft:stripped_spruce_log":4,"minecraft:blast_furnace":1,"minecraft:white_bed":4,"minecraft:spruce_log":48,"minecraft:carrot":4,"minecraft:spider_eye":2,"minecraft:rotten_flesh":3,"minecraft:black_wool":1,"minecraft:mutton":5,"minecraft:coal":56,"minecraft:white_wool":4,"minecraft:cobblestone":24},"minecraft:dropped":{"minecraft:iron_sword":1,"minecraft:oak_log":11,"minecraft:white_bed":1,"minecraft:flint_and_steel":1,"minecraft:wooden_axe":1,"minecraft:wooden_pickaxe":1,"minecraft:string":2,"minecraft:black_wool":1},"minecraft:killed":{"minecraft:pig":5,"minecraft:spider":1,"minecraft:frog":1,"minecraft:horse":2,"minecraft:sheep":5,"minecraft:zombie":2,"minecraft:chicken":1,"minecraft:cow":5},"minecraft:custom":{"minecraft:mob_kills":25,"minecraft:traded_with_villager":6,"minecraft:interact_with_crafting_table":26,"minecraft:leave_game":1,"minecraft:time_since_death":71612,"minecraft:sleep_in_bed":4,"minecraft:climb_one_cm":766,"minecraft:time_since_rest":17804,"minecraft:sprint_one_cm":137939,"minecraft:damage_taken":511,"minecraft:walk_one_cm":138808,"minecraft:drop":8,"minecraft:damage_dealt":2798,"minecraft:swim_one_cm":15937,"minecraft:talked_to_villager":93,"minecraft:fly_one_cm":308112,"minecraft:open_chest":31,"minecraft:play_time":71612,"minecraft:crouch_one_cm":1365,"minecraft:sneak_time":1296,"minecraft:walk_under_water_one_cm":5270,"minecraft:jump":1559,"minecraft:interact_with_blast_furnace":6,"minecraft:walk_on_water_one_cm":25807,"minecraft:total_world_time":71612,"minecraft:interact_with_smoker":10,"minecraft:fall_one_cm":35022},"minecraft:mined":{"minecraft:podzol":1,"minecraft:white_bed":4,"minecraft:brown_mushroom":3,"minecraft:glass_pane":2,"minecraft:smoker":1,"minecraft:crafting_table":2,"minecraft:short_grass":21,"minecraft:blast_furnace":1,"minecraft:grass_block":1,"minecraft:dead_bush":2,"minecraft:lectern":66,"minecraft:tall_grass":1,"minecraft:spruce_leaves":6,"minecraft:sugar_cane":16,"minecraft:composter":3,"minecraft:wall_torch":1,"minecraft:seagrass":2,"minecraft:smooth_stone":8,"minecraft:carrots":1,"minecraft:iron_ore":11,"minecraft:fire":18,"minecraft:wheat":6,"minecraft:sweet_berry_bush":10,"minecraft:spruce_log":48,"minecraft:stripped_spruce_log":4,"minecraft:yellow_bed":3,"minecraft:bookshelf":1,"minecraft:potatoes":3,"minecraft:coal_ore":39,"minecraft:oak_log":47,"minecraft:dirt":2,"minecraft:stone":24,"minecraft:blue_orchid":1,"minecraft:oak_leaves":1,"minecraft:fern":9},"minecraft:crafted":{"minecraft:oak_planks":84,"minecraft:emerald":5,"minecraft:crafting_table":3,"minecraft:spruce_planks":100,"minecraft:cooked_chicken":2,"minecraft:wooden_pickaxe":1,"minecraft:furnace":1,"minecraft:bucket":2,"minecraft:stone_axe":1,"minecraft:bookshelf":3,"minecraft:cooked_mutton":10,"minecraft:air":0,"minecraft:lectern":2,"minecraft:iron_boots":1,"minecraft:book":6,"minecraft:iron_chestplate":1,"minecraft:paper":42,"minecraft:shield":1,"minecraft:iron_axe":1,"minecraft:stick":168,"minecraft:spruce_slab":12,"minecraft:iron_ingot":24,"minecraft:stone_pickaxe":1,"minecraft:wooden_axe":1,"minecraft:stone_sword":1,"minecraft:white_bed":1,"minecraft:torch":4,"minecraft:smoker":1},"minecraft:broken":{"minecraft:stone_axe":1}},"DataVersion":3953}