{"stats":{"minecraft:killed_by":{"minecraft:skeleton":1},"minecraft:dropped":{"minecraft:water_bucket":1,"minecraft:iron_sword":1,"minecraft:oak_log":11,"minecraft:wooden_axe":1,"minecraft:string":2,"minecraft:white_bed":1,"minecraft:flint_and_steel":1,"minecraft:spruce_planks":14,"minecraft:wooden_pickaxe":1,"minecraft:black_wool":1},"minecraft:crafted":{"minecraft:oak_planks":388,"minecraft:cooked_chicken":2,"minecraft:furnace":2,"minecraft:blast_furnace":2,"minecraft:bookshelf":3,"minecraft:cooked_mutton":10,"minecraft:iron_boots":1,"minecraft:iron_axe":2,"minecraft:spruce_slab":12,"minecraft:stone_pickaxe":1,"minecraft:chest":2,"minecraft:smoker":1,"minecraft:emerald":24,"minecraft:cooked_porkchop":4,"minecraft:crafting_table":3,"minecraft:spruce_planks":100,"minecraft:wooden_pickaxe":1,"minecraft:iron_helmet":1,"minecraft:bucket":2,"minecraft:stone_axe":1,"minecraft:air":0,"minecraft:lectern":2,"minecraft:iron_chestplate":2,"minecraft:book":6,"minecraft:diamond_pickaxe":1,"minecraft:paper":42,"minecraft:shield":1,"minecraft:stick":784,"minecraft:iron_pickaxe":1,"minecraft:iron_ingot":146,"minecraft:wooden_axe":1,"minecraft:iron_block":3,"minecraft:stone_sword":1,"minecraft:anvil":1,"minecraft:white_bed":1,"minecraft:torch":20},"minecraft:used":{"minecraft:stone_sword":19,"minecraft:flint_and_steel":63,"minecraft:spruce_slab":2,"minecraft:redstone":11,"minecraft:chest":2,"minecraft:shield":47,"minecraft:iron_sword":171,"minecraft:cooked_chicken":2,"minecraft:rotten_flesh":9,"minecraft:torch":7,"minecraft:dirt":5,"minecraft:anvil":1,"minecraft:carrot":1,"minecraft:wooden_axe":43,"minecraft:lava_bucket":3,"minecraft:bookshelf":1,"minecraft:iron_axe":211,"minecraft:iron_helmet":1,"minecraft:iron_boots":1,"minecraft:bow":4,"minecraft:sweet_berries":22,"minecraft:furnace":4,"minecraft:egg":2,"minecraft:cooked_beef":17,"minecraft:potato":3,"minecraft:cobbled_deepslate":20,"minecraft:iron_leggings":1,"minecraft:wheat_seeds":6,"minecraft:water_bucket":15,"minecraft:stone_pickaxe":90,"minecraft:wooden_pickaxe":7,"minecraft:composter":3,"minecraft:crafting_table":6,"minecraft:blast_furnace":3,"minecraft:white_bed":4,"minecraft:spruce_log":4,"minecraft:smoker":2,"minecraft:diamond_pickaxe":1,"minecraft:iron_pickaxe":251,"minecraft:lectern":69,"minecraft:stone_axe":125,"minecraft:cobblestone":18,"minecraft:cooked_porkchop":20,"minecraft:smithing_table":1,"minecraft:bucket":20,"minecraft:yellow_bed":1,"minecraft:golden_pickaxe":1},"minecraft:custom":{"minecraft:mob_kills":73,"minecraft:interact_with_crafting_table":41,"minecraft:leave_game":2,"minecraft:time_since_death":73533,"minecraft:climb_one_cm":766,"minecraft:sprint_one_cm":313503,"minecraft:walk_one_cm":385383,"minecraft:damage_blocked_by_shield":3086,"minecraft:drop":23,"minecraft:talked_to_villager":98,"minecraft:play_time":149331,"minecraft:deaths":1,"minecraft:sneak_time":4520,"minecraft:walk_under_water_one_cm":13827,"minecraft:jump":3445,"minecraft:interact_with_blast_furnace":33,"minecraft:walk_on_water_one_cm":51282,"minecraft:total_world_time":149331,"minecraft:interact_with_furnace":5,"minecraft:traded_with_villager":25,"minecraft:sleep_in_bed":6,"minecraft:time_since_rest":5887,"minecraft:damage_taken":3404,"minecraft:damage_dealt":12169,"minecraft:swim_one_cm":19050,"minecraft:fly_one_cm":601968,"minecraft:player_kills":1,"minecraft:open_chest":68,"minecraft:crouch_one_cm":7584,"minecraft:interact_with_smoker":13,"minecraft:fall_one_cm":78494},"minecraft:picked_up":{"minecraft:crafting_table":2,"minecraft:wheat":6,"minecraft:chicken":1,"minecraft:leather_leggings":1,"minecraft:brown_mushroom":2,"minecraft:oak_stairs":2,"minecraft:shield":1,"minecraft:string":2,"minecraft:raw_copper":5,"minecraft:iron_leggings":1,"minecraft:blue_orchid":1,"minecraft:cobbled_deepslate":35,"minecraft:smooth_stone":8,"minecraft:beef":1,"minecraft:lectern":67,"minecraft:sugar_cane":29,"minecraft:furnace":2,"minecraft:iron_boots":1,"minecraft:egg":2,"minecraft:stick":7,"minecraft:raw_iron":99,"minecraft:composter":3,"minecraft:torch":2,"minecraft:porkchop":6,"minecraft:carrot":4,"minecraft:diorite":1,"minecraft:redstone":49,"minecraft:arrow":7,"minecraft:rotten_flesh":27,"minecraft:white_terracotta":1,"minecraft:mutton":5,"minecraft:cobblestone":62,"minecraft:white_wool":4,"minecraft:cooked_beef":21,"minecraft:water_bucket":1,"minecraft:andesite":2,"minecraft:leather":11,"minecraft:smoker":1,"minecraft:potato":13,"minecraft:tuff":15,"minecraft:oak_log":141,"minecraft:yellow_bed":1,"minecraft:gunpowder":2,"minecraft:lapis_lazuli":107,"minecraft:dirt":38,"minecraft:cooked_mutton":12,"minecraft:bone":15,"minecraft:bow":1,"minecraft:wheat_seeds":19,"minecraft:raw_gold":11,"minecraft:stone_pickaxe":1,"minecraft:iron_ingot":5,"minecraft:cooked_chicken":1,"minecraft:oak_planks":3,"minecraft:iron_sword":2,"minecraft:book":3,"minecraft:cooked_porkchop":20,"minecraft:sweet_berries":22,"minecraft:gravel":1,"minecraft:stripped_spruce_log":4,"minecraft:blast_furnace":1,"minecraft:white_bed":4,"minecraft:spruce_log":48,"minecraft:spider_eye":3,"minecraft:diamond":8,"minecraft:granite":3,"minecraft:coal":76,"minecraft:black_wool":1},"minecraft:broken":{"minecraft:shield":1,"minecraft:stone_axe":1,"minecraft:iron_pickaxe":1},"minecraft:killed":{"minecraft:witch":1,"minecraft:spider":4,"minecraft:skeleton":13,"minecraft:horse":2,"minecraft:chicken":1,"minecraft:pig":9,"minecraft:frog":1,"minecraft:creeper":3,"minecraft:sheep":5,"minecraft:zombie":20,"minecraft:cow":6},"minecraft:mined":{"minecraft:tuff":15,"minecraft:white_bed":4,"minecraft:deepslate_diamond_ore":7,"minecraft:glow_lichen":2,"minecraft:granite":5,"minecraft:grass_block":1,"minecraft:spruce_leaves":6,"minecraft:composter":3,"minecraft:smooth_stone":8,"minecraft:redstone_ore":3,"minecraft:furnace":2,"minecraft:carrots":1,"minecraft:iron_ore":76,"minecraft:fire":37,"minecraft:andesite":2,"minecraft:stripped_spruce_log":4,"minecraft:deepslate_lapis_ore":7,"minecraft:bookshelf":1,"minecraft:potatoes":3,"minecraft:deepslate_iron_ore":26,"minecraft:blue_orchid":1,"minecraft:stone":52,"minecraft:podzol":1,"minecraft:deepslate_redstone_ore":6,"minecraft:brown_mushroom":3,"minecraft:glass_pane":2,"minecraft:smoker":1,"minecraft:crafting_table":2,"minecraft:short_grass":64,"minecraft:blast_furnace":1,"minecraft:dead_bush":2,"minecraft:lectern":66,"minecraft:copper_ore":1,"minecraft:tall_grass":7,"minecraft:cobblestone":2,"minecraft:lapis_ore":9,"minecraft:deepslate_gold_ore":10,"minecraft:sugar_cane":16,"minecraft:diorite":1,"minecraft:wall_torch":2,"minecraft:seagrass":2,"minecraft:wheat":6,"minecraft:sweet_berry_bush":10,"minecraft:spruce_log":48,"minecraft:yellow_bed":3,"minecraft:oak_log":121,"minecraft:coal_ore":63,"minecraft:dirt":3,"minecraft:gold_ore":1,"minecraft:oak_leaves":6,"minecraft:deepslate":43,"minecraft:fern":9}},"DataVersion":3953}