{"stats":{"minecraft:dropped":{"minecraft:wooden_pickaxe":1},"minecraft:crafted":{"minecraft:crafting_table":1,"minecraft:spruce_planks":20,"minecraft:stick":8,"minecraft:wooden_pickaxe":1,"minecraft:stone_pickaxe":1,"minecraft:wooden_axe":1},"minecraft:custom":{"minecraft:time_since_rest":5883,"minecraft:crouch_one_cm":107,"minecraft:play_time":5883,"minecraft:sprint_one_cm":2628,"minecraft:walk_one_cm":7820,"minecraft:sneak_time":413,"minecraft:drop":1,"minecraft:jump":43,"minecraft:time_since_death":5883,"minecraft:total_world_time":5883,"minecraft:fall_one_cm":476,"minecraft:interact_with_crafting_table":4,"minecraft:fly_one_cm":7061},"minecraft:mined":{"minecraft:podzol":1,"minecraft:short_grass":1,"minecraft:dead_bush":1,"minecraft:dirt":2,"minecraft:sweet_berry_bush":9,"minecraft:spruce_leaves":6,"minecraft:spruce_log":48,"minecraft:stone":12,"minecraft:fern":9},"minecraft:used":{"minecraft:wooden_axe":43,"minecraft:dirt":3,"minecraft:crafting_table":1,"minecraft:stone_pickaxe":8,"minecraft:wooden_pickaxe":7},"minecraft:picked_up":{"minecraft:stick":3,"minecraft:sweet_berries":20,"minecraft:wheat_seeds":1,"minecraft:spruce_log":48,"minecraft:dirt":4,"minecraft:cobblestone":11}},"DataVersion":3953}