{"stats":{"minecraft:dropped":{"minecraft:flint_and_steel":1,"minecraft:wooden_pickaxe":1},"minecraft:killed":{"minecraft:pig":5,"minecraft:spider":1,"minecraft:frog":1,"minecraft:sheep":5,"minecraft:horse":2,"minecraft:chicken":1,"minecraft:cow":4},"minecraft:crafted":{"minecraft:crafting_table":1,"minecraft:spruce_planks":20,"minecraft:wooden_pickaxe":1,"minecraft:stone_axe":1,"minecraft:stick":8,"minecraft:stone_pickaxe":1,"minecraft:wooden_axe":1,"minecraft:stone_sword":1,"minecraft:white_bed":1},"minecraft:custom":{"minecraft:mob_kills":22,"minecraft:interact_with_crafting_table":6,"minecraft:time_since_death":29883,"minecraft:sleep_in_bed":1,"minecraft:climb_one_cm":766,"minecraft:time_since_rest":13381,"minecraft:sprint_one_cm":77695,"minecraft:damage_taken":360,"minecraft:walk_one_cm":57374,"minecraft:drop":2,"minecraft:damage_dealt":2254,"minecraft:swim_one_cm":12457,"minecraft:fly_one_cm":162570,"minecraft:open_chest":2,"minecraft:crouch_one_cm":801,"minecraft:play_time":29883,"minecraft:sneak_time":1037,"minecraft:walk_under_water_one_cm":3633,"minecraft:jump":829,"minecraft:walk_on_water_one_cm":24270,"minecraft:total_world_time":29883,"minecraft:fall_one_cm":18114},"minecraft:mined":{"minecraft:podzol":1,"minecraft:white_bed":1,"minecraft:brown_mushroom":3,"minecraft:crafting_table":2,"minecraft:short_grass":17,"minecraft:grass_block":1,"minecraft:dead_bush":2,"minecraft:spruce_leaves":6,"minecraft:sugar_cane":16,"minecraft:seagrass":2,"minecraft:iron_ore":11,"minecraft:fire":17,"minecraft:sweet_berry_bush":10,"minecraft:spruce_log":48,"minecraft:coal_ore":39,"minecraft:dirt":2,"minecraft:stone":24,"minecraft:blue_orchid":1,"minecraft:fern":9},"minecraft:used":{"minecraft:stone_sword":19,"minecraft:flint_and_steel":20,"minecraft:stone_pickaxe":72,"minecraft:wooden_pickaxe":7,"minecraft:dirt":4,"minecraft:crafting_table":2,"minecraft:white_bed":1,"minecraft:wooden_axe":43,"minecraft:stone_axe":66,"minecraft:cobblestone":3,"minecraft:sweet_berries":22,"minecraft:cooked_porkchop":1,"minecraft:cooked_beef":2,"minecraft:golden_pickaxe":1},"minecraft:picked_up":{"minecraft:crafting_table":2,"minecraft:cooked_beef":10,"minecraft:chicken":1,"minecraft:leather":10,"minecraft:brown_mushroom":2,"minecraft:dirt":4,"minecraft:string":2,"minecraft:cooked_mutton":4,"minecraft:blue_orchid":1,"minecraft:wheat_seeds":2,"minecraft:beef":1,"minecraft:sugar_cane":29,"minecraft:stick":6,"minecraft:raw_iron":11,"minecraft:cooked_porkchop":5,"minecraft:sweet_berries":22,"minecraft:porkchop":4,"minecraft:white_bed":1,"minecraft:spruce_log":48,"minecraft:spider_eye":2,"minecraft:black_wool":1,"minecraft:mutton":5,"minecraft:coal":39,"minecraft:white_wool":4,"minecraft:cobblestone":24}},"DataVersion":3953}