{"stats":{"minecraft:dropped":{"minecraft:wooden_pickaxe":1},"minecraft:killed":{"minecraft:sheep":3,"minecraft:pig":2,"minecraft:chicken":1,"minecraft:spider":1,"minecraft:cow":1},"minecraft:crafted":{"minecraft:crafting_table":1,"minecraft:spruce_planks":20,"minecraft:stick":8,"minecraft:wooden_pickaxe":1,"minecraft:stone_pickaxe":1,"minecraft:wooden_axe":1,"minecraft:stone_sword":1,"minecraft:white_bed":1,"minecraft:stone_axe":1},"minecraft:custom":{"minecraft:time_since_rest":1381,"minecraft:sprint_one_cm":41529,"minecraft:damage_taken":245,"minecraft:walk_one_cm":31016,"minecraft:mob_kills":8,"minecraft:drop":1,"minecraft:damage_dealt":1023,"minecraft:swim_one_cm":12457,"minecraft:interact_with_crafting_table":6,"minecraft:fly_one_cm":75662,"minecraft:open_chest":1,"minecraft:crouch_one_cm":107,"minecraft:play_time":17883,"minecraft:sneak_time":425,"minecraft:walk_under_water_one_cm":3139,"minecraft:jump":445,"minecraft:time_since_death":17883,"minecraft:walk_on_water_one_cm":12778,"minecraft:sleep_in_bed":1,"minecraft:climb_one_cm":303,"minecraft:total_world_time":17883,"minecraft:fall_one_cm":7695},"minecraft:mined":{"minecraft:podzol":1,"minecraft:white_bed":1,"minecraft:sweet_berry_bush":10,"minecraft:spruce_log":48,"minecraft:crafting_table":2,"minecraft:short_grass":2,"minecraft:grass_block":1,"minecraft:dead_bush":2,"minecraft:dirt":2,"minecraft:spruce_leaves":6,"minecraft:blue_orchid":1,"minecraft:stone":22,"minecraft:sugar_cane":12,"minecraft:fern":9},"minecraft:used":{"minecraft:wooden_axe":43,"minecraft:stone_sword":14,"minecraft:stone_pickaxe":18,"minecraft:wooden_pickaxe":7,"minecraft:stone_axe":8,"minecraft:dirt":3,"minecraft:crafting_table":2,"minecraft:sweet_berries":22,"minecraft:white_bed":1},"minecraft:picked_up":{"minecraft:stick":6,"minecraft:crafting_table":2,"minecraft:chicken":1,"minecraft:sweet_berries":22,"minecraft:leather":2,"minecraft:porkchop":3,"minecraft:white_bed":1,"minecraft:spruce_log":48,"minecraft:string":2,"minecraft:spider_eye":2,"minecraft:dirt":4,"minecraft:blue_orchid":1,"minecraft:wheat_seeds":2,"minecraft:beef":1,"minecraft:sugar_cane":20,"minecraft:mutton":5,"minecraft:white_wool":3,"minecraft:cobblestone":22}},"DataVersion":3953}