{"stats":{"minecraft:picked_up":{"minecraft:jungle_log":8,"minecraft:birch_planks":2,"paraglider:spirit_orb":12,"minecraft:tuff":66,"create:raw_zinc":10,"minecraft:lapis_lazuli":30,"minecraft:string":3,"minecraft:orange_concrete":5,"minecraft:bone":7,"minecraft:cobbled_deepslate":654,"minecraft:raw_gold":18,"minecraft:iron_ingot":31,"minecraft:iron_nugget":53,"minecraft:chest":9,"minecraft:iron_sword":1,"minecraft:dark_oak_door":1,"minecraft:raw_iron":16,"minecraft:redstone":24,"minecraft:bundle":1,"minecraft:rotten_flesh":2,"minecraft:arrow":10,"minecraft:diamond":29,"minecraft:stone_axe":1,"minecraft:gold_ingot":42,"minecraft:emerald":3,"minecraft:bread":10,"minecraft:obsidian":6,"minecraft:bricks":2,"minecraft:cobblestone":8,"minecraft:ender_pearl":2},"minecraft:mined":{"create:deepslate_zinc_ore":10,"minecraft:tuff":10,"minecraft:acacia_leaves":1,"minecraft:deepslate_diamond_ore":5,"minecraft:jungle_leaves":1,"minecraft:chest":9,"minecraft:jungle_log":19,"minecraft:cobblestone":5,"minecraft:deepslate_gold_ore":14,"minecraft:bricks":2,"minecraft:spawner":6,"minecraft:orange_concrete":5,"minecraft:birch_planks":2,"minecraft:deepslate_iron_ore":6,"minecraft:vine":2,"minecraft:stone":4,"minecraft:deepslate":54},"minecraft:killed":{"minecraft:skeleton":4,"minecraft:pillager":4,"minecraft:zombie":3},"minecraft:crafted":{"minecraft:jungle_button":1,"minecraft:iron_nugget":9,"minecraft:crafting_table":1,"minecraft:iron_sword":1,"simplyswords:iron_greathammer":1,"minecraft:jungle_planks":32,"justhammers:iron_hammer":1,"minecraft:stick":8,"minecraft:iron_pickaxe":1},"minecraft:killed_by":{"minecraft:player":1,"minecraft:skeleton":2,"minecraft:pillager":1},"minecraft:used":{"minecraft:orange_concrete":5,"minecraft:iron_sword":29,"minecraft:rotten_flesh":2,"minecraft:crafting_table":1,"justhammers:iron_hammer":87,"simplyswords:iron_greathammer":32,"minecraft:bricks":2,"minecraft:bread":12,"minecraft:iron_pickaxe":121,"minecraft:stone_axe":32,"minecraft:cobblestone":8,"tombstone:gift":1},"minecraft:dropped":{"minecraft:jungle_button":1},"minecraft:custom":{"minecraft:mob_kills":13,"tombstone:raider_killed":4,"minecraft:interact_with_crafting_table":4,"minecraft:open_barrel":3,"minecraft:leave_game":2,"minecraft:time_since_death":8125,"minecraft:climb_one_cm":2516,"minecraft:time_since_rest":7847,"minecraft:sprint_one_cm":64794,"minecraft:damage_taken":1721,"minecraft:walk_one_cm":97970,"minecraft:drop":1,"minecraft:damage_dealt":3105,"minecraft:talked_to_villager":2,"minecraft:fly_one_cm":70492,"minecraft:open_chest":27,"minecraft:crouch_one_cm":2136,"minecraft:play_time":40849,"tombstone:undead_killed":7,"minecraft:deaths":4,"minecraft:sneak_time":1092,"minecraft:walk_under_water_one_cm":2799,"minecraft:jump":537,"minecraft:walk_on_water_one_cm":1442,"minecraft:total_world_time":40849,"minecraft:fall_one_cm":9857}},"DataVersion":3465}