{"stats":{"minecraft:dropped":{"minecraft:white_bed":1,"minecraft:flint_and_steel":1,"minecraft:wooden_axe":1,"minecraft:wooden_pickaxe":1,"minecraft:string":2,"minecraft:black_wool":1},"minecraft:used":{"minecraft:stone_sword":19,"minecraft:flint_and_steel":23,"minecraft:stone_pickaxe":81,"minecraft:wooden_pickaxe":7,"minecraft:iron_sword":6,"minecraft:composter":2,"minecraft:dirt":4,"minecraft:crafting_table":3,"minecraft:blast_furnace":1,"minecraft:white_bed":1,"minecraft:smoker":1,"minecraft:spruce_log":4,"minecraft:wooden_axe":43,"minecraft:stone_axe":82,"minecraft:cobblestone":4,"minecraft:sweet_berries":22,"minecraft:cooked_porkchop":1,"minecraft:bucket":1,"minecraft:cooked_beef":5,"minecraft:golden_pickaxe":1},"minecraft:custom":{"minecraft:mob_kills":25,"minecraft:interact_with_crafting_table":11,"minecraft:time_since_death":41838,"minecraft:sleep_in_bed":3,"minecraft:climb_one_cm":766,"minecraft:time_since_rest":8135,"minecraft:sprint_one_cm":108628,"minecraft:damage_taken":501,"minecraft:walk_one_cm":77460,"minecraft:drop":6,"minecraft:damage_dealt":2798,"minecraft:talked_to_villager":3,"minecraft:swim_one_cm":12457,"minecraft:fly_one_cm":243932,"minecraft:open_chest":17,"minecraft:crouch_one_cm":1204,"minecraft:play_time":41838,"minecraft:sneak_time":1141,"minecraft:walk_under_water_one_cm":3633,"minecraft:jump":1123,"minecraft:interact_with_blast_furnace":4,"minecraft:walk_on_water_one_cm":24270,"minecraft:interact_with_smoker":6,"minecraft:total_world_time":41838,"minecraft:fall_one_cm":27767},"minecraft:mined":{"minecraft:podzol":1,"minecraft:brown_mushroom":3,"minecraft:white_bed":1,"minecraft:crafting_table":2,"minecraft:short_grass":20,"minecraft:blast_furnace":1,"minecraft:grass_block":1,"minecraft:dead_bush":2,"minecraft:spruce_leaves":6,"minecraft:composter":2,"minecraft:sugar_cane":16,"minecraft:seagrass":2,"minecraft:smooth_stone":8,"minecraft:iron_ore":11,"minecraft:fire":18,"minecraft:sweet_berry_bush":10,"minecraft:spruce_log":48,"minecraft:stripped_spruce_log":4,"minecraft:coal_ore":39,"minecraft:dirt":2,"minecraft:blue_orchid":1,"minecraft:stone":24,"minecraft:fern":9},"minecraft:picked_up":{"minecraft:crafting_table":2,"minecraft:cooked_beef":10,"minecraft:chicken":1,"minecraft:leather":10,"minecraft:brown_mushroom":2,"minecraft:oak_stairs":2,"minecraft:oak_log":1,"minecraft:dirt":4,"minecraft:string":2,"minecraft:cooked_mutton":4,"minecraft:blue_orchid":1,"minecraft:wheat_seeds":2,"minecraft:smooth_stone":8,"minecraft:beef":1,"minecraft:sugar_cane":29,"minecraft:oak_planks":3,"minecraft:stick":6,"minecraft:raw_iron":11,"minecraft:cooked_porkchop":5,"minecraft:sweet_berries":22,"minecraft:composter":2,"minecraft:porkchop":4,"minecraft:stripped_spruce_log":4,"minecraft:blast_furnace":1,"minecraft:white_bed":1,"minecraft:spruce_log":48,"minecraft:spider_eye":2,"minecraft:rotten_flesh":3,"minecraft:black_wool":1,"minecraft:mutton":5,"minecraft:coal":39,"minecraft:white_wool":4,"minecraft:cobblestone":24},"minecraft:crafted":{"minecraft:oak_planks":4,"minecraft:crafting_table":1,"minecraft:spruce_planks":100,"minecraft:wooden_pickaxe":1,"minecraft:furnace":1,"minecraft:bucket":1,"minecraft:stone_axe":1,"minecraft:cooked_mutton":10,"minecraft:air":0,"minecraft:iron_boots":1,"minecraft:iron_chestplate":1,"minecraft:shield":1,"minecraft:stick":8,"minecraft:iron_ingot":24,"minecraft:stone_pickaxe":1,"minecraft:wooden_axe":1,"minecraft:stone_sword":1,"minecraft:white_bed":1,"minecraft:smoker":1},"minecraft:killed":{"minecraft:pig":5,"minecraft:spider":1,"minecraft:frog":1,"minecraft:sheep":5,"minecraft:horse":2,"minecraft:zombie":2,"minecraft:chicken":1,"minecraft:cow":5}},"DataVersion":3953}