{"stats":{"minecraft:used":{"minecraft:stone_sword":19,"minecraft:flint_and_steel":60,"minecraft:spruce_slab":2,"minecraft:redstone":11,"minecraft:shield":32,"minecraft:iron_sword":104,"minecraft:cooked_chicken":2,"minecraft:torch":2,"minecraft:dirt":4,"minecraft:carrot":1,"minecraft:wooden_axe":43,"minecraft:bookshelf":1,"minecraft:iron_axe":145,"minecraft:iron_helmet":1,"minecraft:iron_boots":1,"minecraft:sweet_berries":22,"minecraft:cooked_beef":10,"minecraft:potato":3,"minecraft:iron_leggings":1,"minecraft:wheat_seeds":6,"minecraft:water_bucket":14,"minecraft:stone_pickaxe":82,"minecraft:wooden_pickaxe":7,"minecraft:composter":3,"minecraft:crafting_table":5,"minecraft:blast_furnace":1,"minecraft:white_bed":4,"minecraft:smoker":2,"minecraft:spruce_log":4,"minecraft:iron_pickaxe":163,"minecraft:lectern":69,"minecraft:stone_axe":125,"minecraft:cobblestone":18,"minecraft:cooked_porkchop":17,"minecraft:bucket":16,"minecraft:yellow_bed":1,"minecraft:golden_pickaxe":1},"minecraft:picked_up":{"minecraft:crafting_table":2,"minecraft:wheat":6,"minecraft:chicken":1,"minecraft:leather_leggings":1,"minecraft:brown_mushroom":2,"minecraft:oak_stairs":2,"minecraft:shield":1,"minecraft:string":2,"minecraft:iron_leggings":1,"minecraft:blue_orchid":1,"minecraft:cobbled_deepslate":12,"minecraft:smooth_stone":8,"minecraft:beef":1,"minecraft:lectern":67,"minecraft:sugar_cane":29,"minecraft:iron_boots":1,"minecraft:egg":1,"minecraft:raw_iron":86,"minecraft:stick":7,"minecraft:composter":3,"minecraft:torch":1,"minecraft:porkchop":6,"minecraft:diorite":1,"minecraft:carrot":4,"minecraft:redstone":26,"minecraft:arrow":5,"minecraft:rotten_flesh":13,"minecraft:mutton":5,"minecraft:cobblestone":58,"minecraft:white_wool":4,"minecraft:cooked_beef":18,"minecraft:water_bucket":1,"minecraft:andesite":2,"minecraft:leather":10,"minecraft:smoker":1,"minecraft:potato":13,"minecraft:oak_log":81,"minecraft:yellow_bed":1,"minecraft:gunpowder":2,"minecraft:lapis_lazuli":84,"minecraft:dirt":36,"minecraft:cooked_mutton":12,"minecraft:bone":10,"minecraft:wheat_seeds":18,"minecraft:raw_gold":3,"minecraft:iron_ingot":5,"minecraft:stone_pickaxe":1,"minecraft:cooked_chicken":1,"minecraft:oak_planks":3,"minecraft:iron_sword":2,"minecraft:book":3,"minecraft:cooked_porkchop":20,"minecraft:sweet_berries":22,"minecraft:gravel":1,"minecraft:stripped_spruce_log":4,"minecraft:blast_furnace":1,"minecraft:white_bed":4,"minecraft:spruce_log":48,"minecraft:spider_eye":3,"minecraft:diamond":5,"minecraft:granite":1,"minecraft:coal":68,"minecraft:black_wool":1},"minecraft:dropped":{"minecraft:iron_sword":1,"minecraft:oak_log":11,"minecraft:wooden_axe":1,"minecraft:string":2,"minecraft:white_bed":1,"minecraft:flint_and_steel":1,"minecraft:spruce_planks":14,"minecraft:wooden_pickaxe":1,"minecraft:black_wool":1},"minecraft:killed":{"minecraft:witch":1,"minecraft:spider":3,"minecraft:horse":2,"minecraft:skeleton":10,"minecraft:chicken":1,"minecraft:pig":9,"minecraft:frog":1,"minecraft:creeper":3,"minecraft:sheep":5,"minecraft:zombie":10,"minecraft:cow":5},"minecraft:custom":{"minecraft:mob_kills":56,"minecraft:interact_with_crafting_table":29,"minecraft:leave_game":1,"minecraft:time_since_death":37814,"minecraft:climb_one_cm":766,"minecraft:sprint_one_cm":241631,"minecraft:walk_one_cm":287682,"minecraft:damage_blocked_by_shield":2031,"minecraft:drop":22,"minecraft:talked_to_villager":96,"minecraft:play_time":113612,"minecraft:deaths":1,"minecraft:sneak_time":3462,"minecraft:walk_under_water_one_cm":10954,"minecraft:jump":2686,"minecraft:interact_with_blast_furnace":11,"minecraft:walk_on_water_one_cm":43145,"minecraft:total_world_time":113612,"minecraft:traded_with_villager":17,"minecraft:sleep_in_bed":5,"minecraft:time_since_rest":36212,"minecraft:damage_taken":2436,"minecraft:damage_dealt":8695,"minecraft:swim_one_cm":15937,"minecraft:fly_one_cm":472507,"minecraft:player_kills":1,"minecraft:open_chest":36,"minecraft:crouch_one_cm":5744,"minecraft:interact_with_smoker":10,"minecraft:fall_one_cm":61989},"minecraft:mined":{"minecraft:white_bed":4,"minecraft:deepslate_diamond_ore":4,"minecraft:glow_lichen":2,"minecraft:granite":1,"minecraft:grass_block":1,"minecraft:spruce_leaves":6,"minecraft:composter":3,"minecraft:smooth_stone":8,"minecraft:redstone_ore":3,"minecraft:carrots":1,"minecraft:iron_ore":72,"minecraft:fire":36,"minecraft:andesite":2,"minecraft:stripped_spruce_log":4,"minecraft:deepslate_lapis_ore":4,"minecraft:bookshelf":1,"minecraft:potatoes":3,"minecraft:deepslate_iron_ore":16,"minecraft:blue_orchid":1,"minecraft:stone":48,"minecraft:podzol":1,"minecraft:deepslate_redstone_ore":1,"minecraft:brown_mushroom":3,"minecraft:glass_pane":2,"minecraft:smoker":1,"minecraft:crafting_table":2,"minecraft:short_grass":50,"minecraft:blast_furnace":1,"minecraft:dead_bush":2,"minecraft:lectern":66,"minecraft:cobblestone":2,"minecraft:tall_grass":7,"minecraft:lapis_ore":9,"minecraft:deepslate_gold_ore":2,"minecraft:sugar_cane":16,"minecraft:diorite":1,"minecraft:wall_torch":1,"minecraft:seagrass":2,"minecraft:wheat":6,"minecraft:sweet_berry_bush":10,"minecraft:spruce_log":48,"minecraft:yellow_bed":3,"minecraft:oak_log":62,"minecraft:coal_ore":55,"minecraft:dirt":2,"minecraft:deepslate":13,"minecraft:gold_ore":1,"minecraft:oak_leaves":6,"minecraft:fern":9},"minecraft:killed_by":{"minecraft:skeleton":1},"minecraft:crafted":{"minecraft:oak_planks":260,"minecraft:cooked_chicken":2,"minecraft:furnace":1,"minecraft:bookshelf":3,"minecraft:cooked_mutton":10,"minecraft:iron_boots":1,"minecraft:iron_axe":2,"minecraft:spruce_slab":12,"minecraft:stone_pickaxe":1,"minecraft:smoker":1,"minecraft:emerald":16,"minecraft:crafting_table":3,"minecraft:spruce_planks":100,"minecraft:wooden_pickaxe":1,"minecraft:iron_helmet":1,"minecraft:bucket":2,"minecraft:stone_axe":1,"minecraft:air":0,"minecraft:lectern":2,"minecraft:iron_chestplate":2,"minecraft:book":6,"minecraft:paper":42,"minecraft:shield":1,"minecraft:stick":528,"minecraft:iron_pickaxe":1,"minecraft:iron_ingot":34,"minecraft:wooden_axe":1,"minecraft:stone_sword":1,"minecraft:white_bed":1,"minecraft:torch":4},"minecraft:broken":{"minecraft:stone_axe":1}},"DataVersion":3953}