{"stats":{"minecraft:used":{"minecraft:stone_sword":19,"minecraft:flint_and_steel":36,"minecraft:spruce_slab":2,"minecraft:shield":14,"minecraft:iron_sword":61,"minecraft:cooked_chicken":2,"minecraft:torch":2,"minecraft:dirt":4,"minecraft:carrot":1,"minecraft:wooden_axe":43,"minecraft:bookshelf":1,"minecraft:iron_axe":131,"minecraft:iron_boots":1,"minecraft:sweet_berries":22,"minecraft:cooked_beef":7,"minecraft:potato":3,"minecraft:iron_leggings":1,"minecraft:wheat_seeds":6,"minecraft:water_bucket":9,"minecraft:stone_pickaxe":82,"minecraft:wooden_pickaxe":7,"minecraft:composter":3,"minecraft:crafting_table":5,"minecraft:blast_furnace":1,"minecraft:white_bed":4,"minecraft:smoker":2,"minecraft:spruce_log":4,"minecraft:lectern":69,"minecraft:stone_axe":125,"minecraft:cobblestone":4,"minecraft:cooked_porkchop":5,"minecraft:bucket":11,"minecraft:yellow_bed":1,"minecraft:golden_pickaxe":1},"minecraft:picked_up":{"minecraft:crafting_table":2,"minecraft:wheat":6,"minecraft:chicken":1,"minecraft:brown_mushroom":2,"minecraft:oak_stairs":2,"minecraft:shield":1,"minecraft:string":2,"minecraft:iron_leggings":1,"minecraft:blue_orchid":1,"minecraft:smooth_stone":8,"minecraft:beef":1,"minecraft:lectern":67,"minecraft:sugar_cane":29,"minecraft:iron_boots":1,"minecraft:egg":1,"minecraft:raw_iron":11,"minecraft:stick":7,"minecraft:composter":3,"minecraft:torch":1,"minecraft:porkchop":6,"minecraft:carrot":4,"minecraft:redstone":10,"minecraft:arrow":2,"minecraft:rotten_flesh":4,"minecraft:mutton":5,"minecraft:cobblestone":24,"minecraft:white_wool":4,"minecraft:cooked_beef":10,"minecraft:water_bucket":1,"minecraft:leather":10,"minecraft:smoker":1,"minecraft:potato":13,"minecraft:oak_log":81,"minecraft:yellow_bed":1,"minecraft:gunpowder":2,"minecraft:dirt":36,"minecraft:cooked_mutton":12,"minecraft:bone":4,"minecraft:wheat_seeds":18,"minecraft:iron_ingot":2,"minecraft:stone_pickaxe":1,"minecraft:cooked_chicken":1,"minecraft:oak_planks":3,"minecraft:iron_sword":2,"minecraft:book":3,"minecraft:cooked_porkchop":20,"minecraft:sweet_berries":22,"minecraft:stripped_spruce_log":4,"minecraft:blast_furnace":1,"minecraft:white_bed":4,"minecraft:spruce_log":48,"minecraft:spider_eye":2,"minecraft:coal":56,"minecraft:black_wool":1},"minecraft:dropped":{"minecraft:iron_sword":1,"minecraft:oak_log":11,"minecraft:wooden_axe":1,"minecraft:string":2,"minecraft:white_bed":1,"minecraft:flint_and_steel":1,"minecraft:wooden_pickaxe":1,"minecraft:black_wool":1},"minecraft:killed":{"minecraft:witch":1,"minecraft:spider":1,"minecraft:horse":2,"minecraft:skeleton":2,"minecraft:chicken":1,"minecraft:pig":9,"minecraft:frog":1,"minecraft:creeper":2,"minecraft:sheep":5,"minecraft:zombie":2,"minecraft:cow":5},"minecraft:custom":{"minecraft:mob_kills":37,"minecraft:interact_with_crafting_table":27,"minecraft:leave_game":1,"minecraft:time_since_death":7814,"minecraft:climb_one_cm":766,"minecraft:sprint_one_cm":181372,"minecraft:walk_one_cm":175397,"minecraft:damage_blocked_by_shield":844,"minecraft:drop":8,"minecraft:talked_to_villager":96,"minecraft:play_time":83612,"minecraft:deaths":1,"minecraft:sneak_time":1338,"minecraft:walk_under_water_one_cm":6321,"minecraft:jump":1950,"minecraft:interact_with_blast_furnace":6,"minecraft:walk_on_water_one_cm":26477,"minecraft:total_world_time":83612,"minecraft:traded_with_villager":17,"minecraft:sleep_in_bed":5,"minecraft:time_since_rest":6212,"minecraft:damage_taken":1208,"minecraft:damage_dealt":4905,"minecraft:swim_one_cm":15937,"minecraft:fly_one_cm":411245,"minecraft:player_kills":1,"minecraft:open_chest":36,"minecraft:crouch_one_cm":1365,"minecraft:interact_with_smoker":10,"minecraft:fall_one_cm":45177},"minecraft:mined":{"minecraft:white_bed":4,"minecraft:grass_block":1,"minecraft:spruce_leaves":6,"minecraft:composter":3,"minecraft:smooth_stone":8,"minecraft:carrots":1,"minecraft:iron_ore":11,"minecraft:fire":34,"minecraft:stripped_spruce_log":4,"minecraft:bookshelf":1,"minecraft:potatoes":3,"minecraft:blue_orchid":1,"minecraft:stone":24,"minecraft:podzol":1,"minecraft:brown_mushroom":3,"minecraft:glass_pane":2,"minecraft:smoker":1,"minecraft:crafting_table":2,"minecraft:short_grass":50,"minecraft:blast_furnace":1,"minecraft:dead_bush":2,"minecraft:lectern":66,"minecraft:tall_grass":7,"minecraft:sugar_cane":16,"minecraft:wall_torch":1,"minecraft:seagrass":2,"minecraft:wheat":6,"minecraft:sweet_berry_bush":10,"minecraft:spruce_log":48,"minecraft:yellow_bed":3,"minecraft:oak_log":62,"minecraft:coal_ore":39,"minecraft:dirt":2,"minecraft:oak_leaves":6,"minecraft:fern":9},"minecraft:killed_by":{"minecraft:skeleton":1},"minecraft:crafted":{"minecraft:oak_planks":260,"minecraft:cooked_chicken":2,"minecraft:furnace":1,"minecraft:bookshelf":3,"minecraft:cooked_mutton":10,"minecraft:iron_boots":1,"minecraft:iron_axe":2,"minecraft:spruce_slab":12,"minecraft:stone_pickaxe":1,"minecraft:smoker":1,"minecraft:emerald":16,"minecraft:crafting_table":3,"minecraft:spruce_planks":100,"minecraft:wooden_pickaxe":1,"minecraft:bucket":2,"minecraft:stone_axe":1,"minecraft:air":0,"minecraft:lectern":2,"minecraft:iron_chestplate":1,"minecraft:book":6,"minecraft:paper":42,"minecraft:shield":1,"minecraft:stick":528,"minecraft:iron_pickaxe":1,"minecraft:iron_ingot":24,"minecraft:wooden_axe":1,"minecraft:stone_sword":1,"minecraft:white_bed":1,"minecraft:torch":4},"minecraft:broken":{"minecraft:stone_axe":1}},"DataVersion":3953}