{"stats":{"minecraft:dropped":{"minecraft:iron_sword":1,"minecraft:white_bed":1,"minecraft:flint_and_steel":1,"minecraft:wooden_axe":1,"minecraft:wooden_pickaxe":1,"minecraft:string":2,"minecraft:black_wool":1},"minecraft:used":{"minecraft:water_bucket":4,"minecraft:stone_sword":19,"minecraft:flint_and_steel":23,"minecraft:spruce_slab":2,"minecraft:stone_pickaxe":82,"minecraft:wooden_pickaxe":7,"minecraft:iron_sword":6,"minecraft:composter":3,"minecraft:torch":1,"minecraft:dirt":4,"minecraft:crafting_table":3,"minecraft:blast_furnace":1,"minecraft:white_bed":3,"minecraft:smoker":2,"minecraft:spruce_log":4,"minecraft:wooden_axe":43,"minecraft:lectern":13,"minecraft:stone_axe":100,"minecraft:cobblestone":4,"minecraft:sweet_berries":22,"minecraft:cooked_porkchop":2,"minecraft:bucket":6,"minecraft:yellow_bed":1,"minecraft:cooked_beef":5,"minecraft:golden_pickaxe":1},"minecraft:custom":{"minecraft:mob_kills":25,"minecraft:traded_with_villager":2,"minecraft:interact_with_crafting_table":23,"minecraft:time_since_death":53838,"minecraft:sleep_in_bed":4,"minecraft:climb_one_cm":766,"minecraft:time_since_rest":30,"minecraft:sprint_one_cm":124352,"minecraft:damage_taken":501,"minecraft:walk_one_cm":105952,"minecraft:drop":7,"minecraft:damage_dealt":2798,"minecraft:talked_to_villager":26,"minecraft:swim_one_cm":14615,"minecraft:fly_one_cm":281150,"minecraft:open_chest":27,"minecraft:crouch_one_cm":1204,"minecraft:play_time":53838,"minecraft:sneak_time":1184,"minecraft:walk_under_water_one_cm":4593,"minecraft:jump":1313,"minecraft:interact_with_blast_furnace":4,"minecraft:walk_on_water_one_cm":25353,"minecraft:interact_with_smoker":7,"minecraft:total_world_time":53838,"minecraft:fall_one_cm":31227},"minecraft:mined":{"minecraft:podzol":1,"minecraft:brown_mushroom":3,"minecraft:white_bed":3,"minecraft:glass_pane":2,"minecraft:smoker":1,"minecraft:crafting_table":2,"minecraft:short_grass":21,"minecraft:blast_furnace":1,"minecraft:grass_block":1,"minecraft:dead_bush":2,"minecraft:lectern":10,"minecraft:spruce_leaves":6,"minecraft:composter":3,"minecraft:sugar_cane":16,"minecraft:seagrass":2,"minecraft:smooth_stone":8,"minecraft:iron_ore":11,"minecraft:fire":18,"minecraft:sweet_berry_bush":10,"minecraft:spruce_log":48,"minecraft:stripped_spruce_log":4,"minecraft:yellow_bed":3,"minecraft:oak_log":6,"minecraft:coal_ore":39,"minecraft:dirt":2,"minecraft:blue_orchid":1,"minecraft:stone":24,"minecraft:fern":9},"minecraft:picked_up":{"minecraft:crafting_table":2,"minecraft:cooked_beef":10,"minecraft:chicken":1,"minecraft:leather":10,"minecraft:brown_mushroom":2,"minecraft:smoker":1,"minecraft:oak_stairs":2,"minecraft:oak_log":7,"minecraft:yellow_bed":1,"minecraft:dirt":4,"minecraft:string":2,"minecraft:cooked_mutton":12,"minecraft:blue_orchid":1,"minecraft:wheat_seeds":2,"minecraft:smooth_stone":8,"minecraft:beef":1,"minecraft:lectern":11,"minecraft:iron_sword":1,"minecraft:sugar_cane":29,"minecraft:oak_planks":3,"minecraft:stick":6,"minecraft:raw_iron":11,"minecraft:cooked_porkchop":5,"minecraft:sweet_berries":22,"minecraft:composter":3,"minecraft:porkchop":4,"minecraft:stripped_spruce_log":4,"minecraft:blast_furnace":1,"minecraft:white_bed":3,"minecraft:spruce_log":48,"minecraft:spider_eye":2,"minecraft:rotten_flesh":3,"minecraft:black_wool":1,"minecraft:mutton":5,"minecraft:coal":56,"minecraft:white_wool":4,"minecraft:cobblestone":24},"minecraft:crafted":{"minecraft:oak_planks":28,"minecraft:emerald":2,"minecraft:crafting_table":1,"minecraft:spruce_planks":100,"minecraft:wooden_pickaxe":1,"minecraft:furnace":1,"minecraft:bucket":2,"minecraft:stone_axe":1,"minecraft:bookshelf":2,"minecraft:cooked_mutton":10,"minecraft:air":0,"minecraft:lectern":2,"minecraft:book":6,"minecraft:iron_boots":1,"minecraft:iron_chestplate":1,"minecraft:paper":18,"minecraft:shield":1,"minecraft:spruce_slab":12,"minecraft:stick":80,"minecraft:iron_ingot":24,"minecraft:stone_pickaxe":1,"minecraft:wooden_axe":1,"minecraft:stone_sword":1,"minecraft:white_bed":1,"minecraft:torch":4,"minecraft:smoker":1},"minecraft:killed":{"minecraft:pig":5,"minecraft:spider":1,"minecraft:frog":1,"minecraft:sheep":5,"minecraft:horse":2,"minecraft:zombie":2,"minecraft:chicken":1,"minecraft:cow":5}},"DataVersion":3953}