{"stats":{"minecraft:mined":{"minecraft:oak_sapling":10,"create:andesite_casing":2,"minecraft:cobblestone_stairs":5,"minecraft:brewing_stand":1,"minecraft:obsidian":2,"minecraft:granite":5,"minecraft:grass_block":277,"minecraft:jungle_log":17,"minecraft:coal_block":3,"minecraft:hopper":27,"minecraft:nether_wart":2,"minecraft:spawner":38,"minecraft:polished_blackstone_bricks":3,"minecraft:tall_seagrass":3,"minecraft:cobbled_deepslate":4,"minecraft:fire":6,"minecraft:black_carpet":3,"minecraft:pumpkin":5,"minecraft:fletching_table":2,"minecraft:deepslate_lapis_ore":1,"minecraft:anvil":2,"minecraft:enchanting_table":1,"minecraft:twisting_vines":1,"minecraft:flowering_azalea_leaves":1,"minecraft:dirt_path":2,"minecraft:iron_bars":2,"minecraft:oak_stairs":40,"minecraft:green_carpet":1,"minecraft:iron_block":4,"minecraft:soul_wall_torch":2,"minecraft:brown_mushroom":1,"minecraft:red_bed":4,"minecraft:twisting_vines_plant":1,"minecraft:kelp_plant":12,"minecraft:smoker":3,"minecraft:soul_fire":10,"minecraft:torch":7,"minecraft:blast_furnace":14,"minecraft:oxidized_copper":4,"minecraft:melon":15,"minecraft:chest":2,"minecraft:white_stained_glass_pane":1,"minecraft:dead_bush":1,"minecraft:cobblestone":80,"minecraft:grindstone":2,"minecraft:sugar_cane":18,"minecraft:oak_planks":66,"minecraft:wall_torch":9,"minecraft:seagrass":1,"farmersdelight:sandy_shrub":2,"minecraft:nether_wart_block":1,"minecraft:yellow_wool":9,"minecraft:grass":169,"minecraft:oak_log":243,"create:hand_crank":1,"minecraft:acacia_fence":14,"minecraft:sand":97,"minecraft:dirt":187,"minecraft:ancient_debris":1,"minecraft:netherrack":6,"minecraft:deepslate":9,"minecraft:tuff":1,"minecraft:light_gray_stained_glass_pane":2,"minecraft:mangrove_roots":1,"minecraft:ladder":12,"minecraft:dark_oak_fence":1,"minecraft:hay_block":16,"create:shaft":3,"minecraft:furnace":1,"minecraft:gold_block":27,"minecraft:bookshelf":2,"minecraft:vine":5,"minecraft:stripped_oak_log":4,"minecraft:bamboo_sapling":1,"minecraft:bamboo":6,"minecraft:stone":47,"minecraft:white_wool":21,"minecraft:cake":1,"minecraft:smithing_table":2,"minecraft:oak_slab":5,"minecraft:dandelion":5,"minecraft:crafting_table":3,"minecraft:cornflower":1,"minecraft:cyan_stained_glass_pane":1,"minecraft:warped_roots":1,"minecraft:gray_stained_glass":2,"minecraft:rose_bush":2,"create:water_wheel":1,"minecraft:tall_grass":4,"minecraft:copper_ore":1,"minecraft:lily_pad":1,"minecraft:warped_wart_block":1,"minecraft:cactus":11,"minecraft:birch_leaves":1,"minecraft:yellow_bed":1,"minecraft:warped_hyphae":1,"minecraft:mangrove_leaves":3,"elevatorid:elevator_white":1,"minecraft:gravel":19,"minecraft:cyan_carpet":1,"minecraft:cobweb":6,"minecraft:polished_blackstone":1,"minecraft:chipped_anvil":1,"minecraft:fern":4,"paraglider:goddess_statue":3},"minecraft:picked_up":{"minecraft:black_carpet":5,"minecraft:anvil":2,"minecraft:yellow_wool":9,"minecraft:smithing_table":2,"minecraft:oak_stairs":35,"minecraft:potion":2,"minecraft:enchanted_book":1,"minecraft:gilded_blackstone":1,"minecraft:brewing_stand":1,"alexsmobs:gazelle_horn":1,"paraglider:goddess_statue":3,"minecraft:string":19,"minecraft:raw_copper":111,"minecraft:red_nether_bricks":10,"minecraft:experience_bottle":1,"create:water_wheel":1,"minecraft:diamond_leggings":2,"minecraft:gold_nugget":25,"minecraft:cobbled_deepslate":679,"minecraft:bucket":1,"minecraft:melon_slice":75,"minecraft:coal_block":3,"minecraft:furnace":1,"minecraft:stick":100,"minecraft:torch":25,"create:andesite_casing":2,"tombstone:grave_dust":10,"minecraft:diorite":107,"minecraft:stone_sword":4,"minecraft:rotten_flesh":36,"minecraft:cactus":29,"minecraft:iron_block":4,"create:veridium":64,"minecraft:mangrove_roots":2,"minecraft:blaze_rod":6,"minecraft:obsidian":97,"minecraft:iron_bars":1,"alexsmobs:flying_fish":3,"minecraft:cobblestone":1228,"minecraft:enchanting_table":1,"minecraft:water_bucket":1,"minecraft:oxidized_copper":4,"minecraft:magma_cream":1,"minecraft:andesite":461,"minecraft:jungle_log":17,"minecraft:smoker":3,"paraglider:spirit_orb":80,"minecraft:flint":1,"minecraft:tuff":15,"create:raw_zinc":165,"minecraft:lapis_lazuli":90,"minecraft:dirt":476,"minecraft:lantern":2,"farmersdelight:mutton_chops":8,"minecraft:twisting_vines":2,"minecraft:bone":56,"minecraft:chipped_anvil":1,"minecraft:warped_hyphae":1,"minecraft:bow":2,"minecraft:wheat_seeds":41,"minecraft:raw_gold":26,"minecraft:grindstone":2,"minecraft:fletching_table":2,"create:shaft":3,"minecraft:diamond_helmet":2,"minecraft:mossy_stone_bricks":3,"minecraft:bamboo":52,"minecraft:oak_planks":65,"minecraft:warped_wart_block":1,"minecraft:sand":97,"minecraft:nether_brick_stairs":3,"minecraft:bundle":2,"alexsmobs:kangaroo_hide":1,"minecraft:diamond":11,"minecraft:cracked_polished_blackstone_bricks":1,"alexsmobs:rattlesnake_rattle":1,"minecraft:crossbow":2,"minecraft:granite":314,"minecraft:bread":52,"minecraft:emerald":22,"minecraft:oak_sapling":164,"minecraft:netherrack":930,"minecraft:dark_oak_fence":1,"minecraft:cocoa_beans":3,"minecraft:charcoal":1,"minecraft:crafting_table":3,"minecraft:ladder":10,"minecraft:nether_wart":5,"minecraft:brown_mushroom":1,"minecraft:gold_block":50,"minecraft:cornflower":1,"minecraft:red_bed":4,"minecraft:blackstone":90,"minecraft:cracked_stone_bricks":3,"minecraft:beef":5,"minecraft:poppy":2,"minecraft:sugar_cane":39,"minecraft:chest":2,"minecraft:raw_iron":101,"alexsmobs:straddlite":4,"create:hand_crank":3,"minecraft:carrot":1,"minecraft:redstone":140,"travelersbackpack:hose":1,"minecraft:arrow":80,"minecraft:diamond_chestplate":2,"minecraft:nether_bricks":45,"minecraft:diamond_boots":1,"minecraft:hay_block":16,"minecraft:mutton":2,"minecraft:gold_ingot":1,"minecraft:polished_blackstone":1,"minecraft:white_wool":21,"minecraft:rail":1,"minecraft:bone_block":33,"alexsmobs:kangaroo_meat":8,"minecraft:stripped_oak_log":7,"minecraft:basalt":7,"artifacts:eternal_steak":2,"minecraft:leather":1,"minecraft:oak_log":242,"minecraft:lily_pad":1,"minecraft:ancient_debris":1,"minecraft:yellow_bed":1,"minecraft:nether_wart_block":1,"minecraft:gunpowder":7,"minecraft:cobblestone_stairs":5,"minecraft:red_nether_brick_stairs":1,"minecraft:apple":17,"minecraft:stone_bricks":5,"minecraft:kelp":125,"minecraft:iron_ingot":5,"elevatorid:elevator_white":1,"minecraft:book":6,"minecraft:oak_slab":8,"create:large_water_wheel":2,"minecraft:pumpkin":5,"minecraft:quartz":19,"minecraft:stone_brick_slab":2,"minecraft:cracked_nether_bricks":2,"minecraft:dandelion":8,"minecraft:gravel":18,"minecraft:soul_torch":2,"minecraft:blast_furnace":14,"minecraft:spider_eye":1,"simplyswords:diamond_greathammer":1,"minecraft:pumpkin_seeds":6,"minecraft:iron_helmet":1,"minecraft:warped_roots":1,"minecraft:hopper":25,"minecraft:mangrove_propagule":1,"minecraft:coal":140},"minecraft:killed":{"minecraft:spider":17,"minecraft:skeleton":35,"alexsmobs:straddler":7,"alexsmobs:laviathan":1,"minecraft:illusioner":1,"minecraft:piglin_brute":3,"alexsmobs:kangaroo":5,"minecraft:magma_cube":10,"minecraft:piglin":11,"alexsmobs:stradpole":2,"minecraft:creeper":4,"minecraft:sheep":1,"minecraft:pillager":34,"minecraft:zombie":41,"alexsmobs:terrapin":2,"alexsmobs:maned_wolf":1,"alexsmobs:roadrunner":2,"minecraft:blaze":7,"minecraft:cow":4,"minecraft:vindicator":3,"alexsmobs:rattlesnake":3,"minecraft:phantom":1,"alexsmobs:flying_fish":1,"minecraft:husk":7,"minecraft:frog":1,"alexsmobs:gazelle":1,"minecraft:wither_skeleton":38,"minecraft:enderman":1},"minecraft:crafted":{"minecraft:oak_planks":460,"simplyswords:iron_katana":1,"travelersbackpack:hose_nozzle":1,"minecraft:cobblestone_stairs":256,"minecraft:stone":6,"minecraft:warped_planks":4,"minecraft:green_dye":8,"minecraft:glass":33,"create:mechanical_press":1,"justhammers:diamond_hammer":1,"minecraft:chest":11,"alexsmobs:straddle_helmet":1,"create:cogwheel":11,"minecraft:oak_slab":6,"create:depot":1,"minecraft:diamond_axe":1,"minecraft:crafting_table":4,"minecraft:wooden_pickaxe":1,"travelersbackpack:standard":1,"create:zinc_nugget":576,"minecraft:copper_ingot":108,"farmersdelight:beef_patty":5,"minecraft:diamond_pickaxe":1,"minecraft:charcoal":4,"create:water_wheel":3,"create:super_glue":1,"minecraft:stick":44,"minecraft:iron_ingot":122,"minecraft:iron_block":1,"minecraft:stone_sword":1,"minecraft:gold_ingot":35,"create:large_cogwheel":9,"minecraft:shears":1,"artifacts:eternal_steak":1,"minecraft:coal":27,"create:wrench":1,"simplyswords:diamond_greathammer":1,"minecraft:iron_nugget":9,"create:white_sail":28,"minecraft:furnace":2,"minecraft:bone_meal":126,"minecraft:flint_and_steel":1,"minecraft:iron_axe":2,"minecraft:stone_pickaxe":1,"create:windmill_bearing":1,"travelersbackpack:hose":1,"minecraft:cooked_beef":9,"create:andesite_alloy":214,"create:hand_crank":1,"farmersdelight:cooked_mutton_chops":8,"elevatorid:elevator_white":2,"minecraft:enchanting_table":1,"travelersbackpack:backpack_tank":2,"minecraft:dried_kelp":125,"alexsmobs:cooked_kangaroo_meat":7,"create:goggles":1,"create:large_water_wheel":3,"minecraft:stone_axe":2,"minecraft:air":0,"minecraft:jungle_planks":52,"minecraft:oak_fence_gate":3,"justhammers:iron_hammer":1,"minecraft:white_wool":9,"justhammers:stone_hammer":2,"minecraft:white_dye":9,"minecraft:wooden_axe":1,"minecraft:iron_shovel":2,"create:shaft":48,"minecraft:torch":128,"create:zinc_ingot":142},"minecraft:killed_by":{"minecraft:wither_skeleton":2,"minecraft:pillager":4,"minecraft:blaze":1,"minecraft:husk":1,"minecraft:skeleton":8},"minecraft:used":{"alexsmobs:emu_egg":1,"minecraft:iron_shovel":493,"minecraft:ladder":4,"minecraft:chest":12,"minecraft:iron_chestplate":1,"paraglider:goddess_statue":2,"create:cogwheel":9,"create:white_sail":21,"minecraft:jungle_planks":52,"minecraft:nether_bricks":15,"create:depot":4,"minecraft:obsidian":13,"minecraft:lava_bucket":6,"minecraft:bow":74,"minecraft:mangrove_roots":1,"create:shaft":20,"minecraft:furnace":2,"minecraft:oak_sapling":36,"minecraft:blackstone":9,"minecraft:oak_planks":108,"minecraft:stone_pickaxe":19,"minecraft:ender_pearl":2,"minecraft:wooden_pickaxe":16,"artifacts:eternal_steak":148,"minecraft:diamond_axe":234,"elevatorid:elevator_white":3,"minecraft:blast_furnace":14,"minecraft:crossbow":19,"minecraft:shears":18,"minecraft:melon_slice":11,"minecraft:bread":3,"tombstone:grave_key":1,"minecraft:gravel":18,"minecraft:smithing_table":1,"minecraft:andesite":20,"minecraft:bone_meal":96,"create:large_cogwheel":2,"minecraft:iron_bars":1,"minecraft:enchanting_table":2,"minecraft:stone_sword":95,"minecraft:flint_and_steel":1,"minecraft:netherrack":204,"minecraft:torch":153,"minecraft:brewing_stand":1,"minecraft:dirt":411,"minecraft:anvil":1,"simplyswords:iron_katana":205,"minecraft:granite":24,"minecraft:oak_fence_gate":2,"minecraft:wooden_axe":53,"minecraft:iron_block":4,"create:wrench":194,"minecraft:iron_axe":385,"simplyswords:diamond_greathammer":321,"minecraft:bamboo":21,"travelersbackpack:hose":1,"tombstone:gift":6,"minecraft:cobbled_deepslate":128,"minecraft:water_bucket":55,"minecraft:cobblestone_stairs":152,"minecraft:fletching_table":2,"minecraft:crafting_table":6,"justhammers:diamond_hammer":381,"minecraft:red_bed":4,"minecraft:smoker":3,"justhammers:iron_hammer":191,"tombstone:bag_of_seeds":1,"minecraft:oak_log":28,"minecraft:diamond_pickaxe":87,"create:windmill_bearing":5,"create:mechanical_press":6,"minecraft:mangrove_propagule":1,"minecraft:iron_pickaxe":197,"create:water_wheel":11,"create:large_water_wheel":25,"justhammers:stone_hammer":58,"minecraft:stone_axe":90,"minecraft:cobblestone":176,"minecraft:cooked_porkchop":2,"minecraft:bucket":65,"minecraft:pumpkin_pie":7,"create:hand_crank":8,"minecraft:stripped_oak_log":2,"minecraft:dandelion":3},"minecraft:dropped":{"minecraft:nether_brick_stairs":3,"minecraft:brown_mushroom":1,"minecraft:lapis_lazuli":13,"minecraft:crafting_table":1,"alexsmobs:kangaroo_meat":1,"minecraft:crossbow":2,"minecraft:warped_roots":1,"minecraft:lantern":1,"minecraft:cracked_stone_bricks":3,"minecraft:saddle":1,"minecraft:rail":1,"minecraft:gold_block":25,"minecraft:dark_oak_fence":1,"minecraft:gold_nugget":23,"minecraft:gold_ingot":13,"farmersdelight:mutton_chops":8,"minecraft:bone":1,"minecraft:stone_axe":1,"minecraft:blackstone":1,"minecraft:twisting_vines":2,"minecraft:mangrove_roots":1,"alexsmobs:gazelle_horn":1,"minecraft:iron_nugget":1,"simplyswords:iron_katana":1,"minecraft:cobbled_deepslate":381,"minecraft:obsidian":4,"tombstone:gift":1,"minecraft:rotten_flesh":13,"alexsmobs:kangaroo_hide":1,"minecraft:poppy":2,"justhammers:stone_hammer":2,"minecraft:gunpowder":4,"minecraft:charcoal":1,"farmersdelight:rope":5,"simplyswords:diamond_greathammer":1,"minecraft:red_nether_bricks":10,"minecraft:basalt":2,"minecraft:arrow":2,"minecraft:beef":2,"minecraft:warped_wart_block":1,"minecraft:cracked_nether_bricks":2,"minecraft:quartz":19,"minecraft:netherrack":709,"minecraft:bread":20,"minecraft:wheat_seeds":16,"minecraft:polished_blackstone":1,"minecraft:diamond_leggings":1,"minecraft:iron_helmet":2,"minecraft:cobblestone":122,"minecraft:granite":10,"minecraft:coal":2,"minecraft:stick":1,"minecraft:diorite":7,"minecraft:nether_wart_block":1,"minecraft:diamond_helmet":2,"tombstone:grave_dust":5,"minecraft:potion":1,"farmersdelight:bacon":3,"minecraft:oxidized_copper":4,"minecraft:bucket":1,"create:raw_zinc":7,"minecraft:dandelion":1,"minecraft:stone_brick_slab":2,"minecraft:redstone":76,"minecraft:soul_torch":2,"minecraft:stone_sword":5,"minecraft:raw_copper":3,"minecraft:cocoa_beans":3,"minecraft:tuff":11,"minecraft:iron_boots":1,"minecraft:stripped_oak_log":1,"minecraft:nether_bricks":30,"minecraft:red_nether_brick_stairs":1,"minecraft:filled_map":1,"create:veridium":64,"minecraft:diamond_chestplate":1,"minecraft:bundle":1,"minecraft:iron_chestplate":1,"minecraft:andesite":1,"minecraft:mossy_stone_bricks":3,"minecraft:oak_sapling":11,"artifacts:eternal_steak":2,"minecraft:stone_bricks":5,"minecraft:slime_ball":1,"travelersbackpack:hose":1},"minecraft:custom":{"minecraft:interact_with_crafting_table":69,"minecraft:open_barrel":76,"minecraft:bell_ring":2,"minecraft:leave_game":8,"minecraft:time_since_death":44556,"minecraft:damage_resisted":6,"minecraft:sprint_one_cm":1093643,"minecraft:drop":191,"minecraft:play_noteblock":10,"minecraft:talked_to_villager":9,"minecraft:play_time":502209,"minecraft:deaths":17,"tombstone:tomb_raiding":1,"minecraft:jump":6391,"minecraft:interact_with_brewingstand":6,"minecraft:walk_on_water_one_cm":41203,"minecraft:enchant_item":3,"minecraft:interact_with_furnace":31,"minecraft:sleep_in_bed":8,"minecraft:damage_dealt":47256,"minecraft:player_kills":1,"minecraft:crouch_one_cm":38638,"tombstone:undead_killed":76,"minecraft:interact_with_smoker":18,"minecraft:interact_with_smithing_table":3,"minecraft:mob_kills":261,"minecraft:interact_with_anvil":1,"minecraft:damage_dealt_resisted":1169,"minecraft:climb_one_cm":19771,"minecraft:walk_one_cm":765999,"minecraft:sneak_time":13000,"minecraft:walk_under_water_one_cm":25819,"minecraft:interact_with_blast_furnace":75,"minecraft:total_world_time":502209,"tombstone:raider_killed":17,"minecraft:tune_noteblock":30,"minecraft:time_since_rest":44348,"minecraft:damage_taken":19743,"minecraft:swim_one_cm":103869,"minecraft:fly_one_cm":1202543,"minecraft:open_chest":532,"minecraft:fall_one_cm":166142},"minecraft:broken":{"minecraft:leather_leggings":1,"minecraft:diamond_boots":1,"minecraft:stone_axe":1,"minecraft:leather_helmet":1,"minecraft:iron_axe":1,"minecraft:leather_boots":1}},"DataVersion":3465}