{"stats":{"minecraft:killed_by":{"minecraft:player":1,"minecraft:creeper":2,"minecraft:zombie":1},"minecraft:dropped":{"minecraft:iron_ingot":3,"minecraft:wheat_seeds":9,"minecraft:cooked_beef":17,"minecraft:golden_pickaxe":1,"minecraft:cooked_porkchop":6,"minecraft:dirt":19,"minecraft:torch":30,"minecraft:iron_leggings":1,"minecraft:oak_stairs":1,"minecraft:iron_pickaxe":1,"minecraft:bone":2,"minecraft:furnace":1,"minecraft:stone_axe":1,"minecraft:cooked_chicken":1,"minecraft:rotten_flesh":4,"minecraft:iron_boots":1,"minecraft:andesite":2,"minecraft:oak_sapling":2,"minecraft:acacia_sapling":1,"minecraft:arrow":1,"minecraft:beef":1,"minecraft:stone_pickaxe":1,"minecraft:warped_wart_block":2},"minecraft:used":{"minecraft:flint_and_steel":34,"minecraft:spruce_planks":1,"minecraft:shield":24,"minecraft:iron_chestplate":1,"minecraft:torch":58,"minecraft:dirt":33,"minecraft:granite":2,"minecraft:obsidian":10,"minecraft:iron_axe":88,"minecraft:oak_stairs":10,"minecraft:golden_sword":37,"minecraft:sweet_berries":22,"minecraft:furnace":1,"minecraft:egg":1,"minecraft:cooked_beef":21,"minecraft:cobbled_deepslate":25,"minecraft:iron_leggings":1,"minecraft:cooked_mutton":2,"minecraft:water_bucket":8,"minecraft:oak_planks":15,"minecraft:stone_pickaxe":100,"minecraft:ender_pearl":1,"minecraft:wooden_pickaxe":34,"minecraft:fletching_table":1,"minecraft:crafting_table":7,"minecraft:blast_furnace":2,"minecraft:white_bed":3,"minecraft:smoker":1,"minecraft:diamond_pickaxe":69,"minecraft:iron_pickaxe":431,"minecraft:lectern":90,"minecraft:gravel":6,"minecraft:stone_axe":220,"minecraft:fishing_rod":15,"minecraft:cobblestone":75,"minecraft:grindstone":1,"minecraft:cooked_porkchop":12,"minecraft:bucket":7,"minecraft:andesite":5,"minecraft:yellow_bed":4,"minecraft:golden_pickaxe":5},"minecraft:crafted":{"minecraft:oak_planks":24,"minecraft:fishing_rod":1,"minecraft:furnace":1,"minecraft:flint_and_steel":2,"minecraft:iron_boots":1,"minecraft:iron_axe":1,"minecraft:stone_pickaxe":1,"minecraft:cooked_beef":9,"minecraft:emerald":1,"minecraft:cooked_porkchop":9,"minecraft:crafting_table":3,"minecraft:spruce_planks":16,"minecraft:wooden_pickaxe":1,"minecraft:iron_helmet":1,"minecraft:stone_axe":2,"minecraft:air":0,"minecraft:iron_chestplate":1,"minecraft:diamond_pickaxe":1,"minecraft:shield":1,"minecraft:stick":60,"minecraft:iron_ingot":53,"minecraft:iron_pickaxe":2,"minecraft:iron_leggings":1,"minecraft:white_bed":1,"minecraft:torch":60},"minecraft:custom":{"minecraft:interact_with_anvil":1,"minecraft:mob_kills":79,"minecraft:interact_with_crafting_table":24,"minecraft:leave_game":3,"minecraft:time_since_death":59351,"minecraft:climb_one_cm":825,"minecraft:sprint_one_cm":353018,"minecraft:walk_one_cm":260600,"minecraft:damage_blocked_by_shield":1840,"minecraft:drop":40,"minecraft:talked_to_villager":182,"minecraft:play_time":144071,"minecraft:deaths":4,"minecraft:sneak_time":5524,"minecraft:walk_under_water_one_cm":6361,"minecraft:jump":2442,"minecraft:interact_with_blast_furnace":30,"minecraft:walk_on_water_one_cm":32623,"minecraft:total_world_time":144071,"minecraft:interact_with_furnace":2,"minecraft:traded_with_villager":1,"minecraft:interact_with_grindstone":2,"minecraft:sleep_in_bed":9,"minecraft:time_since_rest":5887,"minecraft:damage_taken":4263,"minecraft:damage_dealt":10414,"minecraft:swim_one_cm":35017,"minecraft:fly_one_cm":426605,"minecraft:open_chest":50,"minecraft:crouch_one_cm":10664,"minecraft:interact_with_smoker":10,"minecraft:fish_caught":10,"minecraft:fall_one_cm":68482},"minecraft:picked_up":{"minecraft:crafting_table":6,"minecraft:chicken":1,"minecraft:golden_pickaxe":3,"minecraft:smithing_table":1,"minecraft:oak_stairs":17,"minecraft:potion":1,"minecraft:shield":1,"minecraft:golden_sword":4,"minecraft:string":6,"minecraft:raw_copper":62,"minecraft:flint_and_steel":1,"minecraft:iron_leggings":1,"minecraft:pufferfish":2,"minecraft:cobbled_deepslate":68,"minecraft:spruce_planks":18,"minecraft:beef":9,"minecraft:iron_pickaxe":4,"minecraft:lectern":90,"minecraft:sugar_cane":45,"minecraft:furnace":4,"minecraft:iron_boots":2,"minecraft:egg":3,"minecraft:stick":57,"minecraft:raw_iron":163,"minecraft:torch":276,"minecraft:porkchop":9,"minecraft:diorite":17,"minecraft:redstone":4,"minecraft:rotten_flesh":8,"minecraft:arrow":22,"minecraft:hay_block":15,"minecraft:obsidian":18,"minecraft:mutton":13,"minecraft:cod":7,"minecraft:white_wool":10,"minecraft:cobblestone":167,"minecraft:feather":2,"minecraft:cooked_beef":117,"minecraft:salmon":1,"minecraft:water_bucket":1,"minecraft:andesite":27,"minecraft:leather":23,"minecraft:smoker":1,"minecraft:flint":3,"minecraft:tuff":21,"minecraft:oak_log":7,"minecraft:yellow_bed":4,"minecraft:lapis_lazuli":75,"minecraft:dirt":72,"minecraft:cooked_mutton":4,"minecraft:bone":20,"minecraft:bow":1,"minecraft:wheat_seeds":10,"minecraft:cooked_chicken":1,"minecraft:stone_pickaxe":2,"minecraft:grindstone":1,"minecraft:iron_ingot":4,"minecraft:fletching_table":1,"minecraft:glowstone_dust":1,"minecraft:acacia_sapling":1,"minecraft:oak_planks":21,"minecraft:cooked_porkchop":22,"minecraft:sweet_berries":25,"minecraft:warped_wart_block":2,"minecraft:gravel":14,"minecraft:spruce_sapling":1,"minecraft:blast_furnace":6,"minecraft:white_bed":2,"minecraft:spruce_log":4,"minecraft:spider_eye":2,"minecraft:diamond":6,"minecraft:stone_axe":3,"minecraft:granite":26,"minecraft:coal":329,"minecraft:ender_pearl":1},"minecraft:broken":{"minecraft:golden_sword":1,"minecraft:stone_axe":1,"minecraft:iron_pickaxe":1},"minecraft:killed":{"minecraft:witch":1,"minecraft:spider":6,"minecraft:skeleton":8,"minecraft:chicken":1,"minecraft:pig":8,"minecraft:bat":1,"minecraft:frog":1,"minecraft:creeper":2,"minecraft:sheep":10,"minecraft:zombie":21,"minecraft:cow":18,"minecraft:enderman":1},"minecraft:mined":{"minecraft:diamond_ore":2,"minecraft:tuff":22,"minecraft:white_bed":1,"minecraft:deepslate_diamond_ore":5,"minecraft:obsidian":20,"minecraft:granite":24,"minecraft:grass_block":2,"minecraft:hay_block":15,"minecraft:tall_seagrass":1,"minecraft:furnace":3,"minecraft:iron_ore":111,"minecraft:fire":40,"minecraft:andesite":28,"minecraft:fletching_table":1,"minecraft:deepslate_lapis_ore":6,"minecraft:deepslate_iron_ore":49,"minecraft:dirt_path":2,"minecraft:oak_stairs":19,"minecraft:stone":144,"minecraft:podzol":2,"minecraft:smithing_table":1,"minecraft:glass_pane":1,"minecraft:smoker":1,"minecraft:crafting_table":5,"minecraft:torch":6,"minecraft:short_grass":27,"minecraft:blast_furnace":2,"minecraft:lectern":91,"minecraft:tall_grass":12,"minecraft:copper_ore":8,"minecraft:cobblestone":4,"minecraft:lapis_ore":6,"minecraft:grindstone":1,"minecraft:sugar_cane":32,"minecraft:oak_planks":24,"minecraft:diorite":17,"minecraft:wall_torch":3,"minecraft:warped_wart_block":2,"minecraft:deepslate_copper_ore":2,"minecraft:white_terracotta":1,"minecraft:sweet_berry_bush":11,"minecraft:spruce_log":4,"minecraft:yellow_bed":2,"minecraft:oak_log":8,"minecraft:coal_ore":93,"minecraft:gravel":12,"minecraft:dirt":16,"minecraft:oak_leaves":6,"minecraft:deepslate":64,"minecraft:fern":18}},"DataVersion":3953}