{"stats":{"minecraft:killed_by":{"minecraft:player":1,"minecraft:creeper":2,"minecraft:zombie":1},"minecraft:dropped":{"minecraft:iron_ingot":3,"minecraft:wheat_seeds":9,"minecraft:cooked_beef":16,"minecraft:golden_pickaxe":1,"minecraft:cooked_porkchop":6,"minecraft:dirt":18,"minecraft:torch":30,"minecraft:iron_leggings":1,"minecraft:oak_stairs":1,"minecraft:iron_pickaxe":1,"minecraft:bone":2,"minecraft:stone_axe":1,"minecraft:cooked_chicken":1,"minecraft:rotten_flesh":4,"minecraft:iron_boots":1,"minecraft:andesite":2,"minecraft:oak_sapling":2,"minecraft:acacia_sapling":1,"minecraft:arrow":1,"minecraft:beef":1,"minecraft:stone_pickaxe":1},"minecraft:used":{"minecraft:flint_and_steel":13,"minecraft:spruce_planks":1,"minecraft:shield":24,"minecraft:iron_chestplate":1,"minecraft:torch":24,"minecraft:dirt":32,"minecraft:iron_axe":42,"minecraft:oak_stairs":10,"minecraft:golden_sword":37,"minecraft:sweet_berries":22,"minecraft:furnace":1,"minecraft:egg":1,"minecraft:cooked_beef":17,"minecraft:cobbled_deepslate":21,"minecraft:iron_leggings":1,"minecraft:cooked_mutton":2,"minecraft:water_bucket":8,"minecraft:oak_planks":15,"minecraft:stone_pickaxe":100,"minecraft:ender_pearl":1,"minecraft:wooden_pickaxe":34,"minecraft:fletching_table":1,"minecraft:crafting_table":7,"minecraft:blast_furnace":2,"minecraft:white_bed":3,"minecraft:smoker":1,"minecraft:diamond_pickaxe":14,"minecraft:iron_pickaxe":260,"minecraft:lectern":90,"minecraft:gravel":6,"minecraft:stone_axe":220,"minecraft:cobblestone":30,"minecraft:grindstone":1,"minecraft:cooked_porkchop":10,"minecraft:bucket":7,"minecraft:andesite":5,"minecraft:yellow_bed":4,"minecraft:golden_pickaxe":5},"minecraft:crafted":{"minecraft:oak_planks":24,"minecraft:furnace":1,"minecraft:iron_boots":1,"minecraft:iron_axe":1,"minecraft:stone_pickaxe":1,"minecraft:cooked_beef":9,"minecraft:emerald":1,"minecraft:cooked_porkchop":9,"minecraft:crafting_table":3,"minecraft:spruce_planks":16,"minecraft:wooden_pickaxe":1,"minecraft:iron_helmet":1,"minecraft:stone_axe":2,"minecraft:air":0,"minecraft:iron_chestplate":1,"minecraft:diamond_pickaxe":1,"minecraft:shield":1,"minecraft:stick":60,"minecraft:iron_ingot":43,"minecraft:iron_pickaxe":2,"minecraft:iron_leggings":1,"minecraft:white_bed":1,"minecraft:torch":60},"minecraft:custom":{"minecraft:mob_kills":60,"minecraft:interact_with_crafting_table":23,"minecraft:leave_game":2,"minecraft:time_since_death":29466,"minecraft:climb_one_cm":825,"minecraft:sprint_one_cm":296022,"minecraft:walk_one_cm":215058,"minecraft:damage_blocked_by_shield":1840,"minecraft:drop":35,"minecraft:talked_to_villager":178,"minecraft:play_time":114186,"minecraft:deaths":4,"minecraft:sneak_time":4133,"minecraft:walk_under_water_one_cm":2489,"minecraft:jump":2013,"minecraft:interact_with_blast_furnace":23,"minecraft:walk_on_water_one_cm":28392,"minecraft:total_world_time":114186,"minecraft:interact_with_furnace":2,"minecraft:traded_with_villager":1,"minecraft:interact_with_grindstone":2,"minecraft:sleep_in_bed":7,"minecraft:time_since_rest":29505,"minecraft:damage_taken":3753,"minecraft:damage_dealt":8258,"minecraft:swim_one_cm":26449,"minecraft:fly_one_cm":355750,"minecraft:open_chest":25,"minecraft:crouch_one_cm":9275,"minecraft:interact_with_smoker":8,"minecraft:fall_one_cm":60972},"minecraft:picked_up":{"minecraft:crafting_table":6,"minecraft:chicken":1,"minecraft:golden_pickaxe":3,"minecraft:smithing_table":1,"minecraft:oak_stairs":16,"minecraft:shield":1,"minecraft:golden_sword":4,"minecraft:string":3,"minecraft:raw_copper":54,"minecraft:flint_and_steel":1,"minecraft:iron_leggings":1,"minecraft:cobbled_deepslate":24,"minecraft:spruce_planks":18,"minecraft:beef":9,"minecraft:iron_pickaxe":4,"minecraft:lectern":90,"minecraft:sugar_cane":45,"minecraft:furnace":3,"minecraft:iron_boots":2,"minecraft:egg":2,"minecraft:stick":57,"minecraft:raw_iron":152,"minecraft:torch":271,"minecraft:porkchop":9,"minecraft:redstone":4,"minecraft:rotten_flesh":5,"minecraft:arrow":14,"minecraft:hay_block":15,"minecraft:obsidian":12,"minecraft:mutton":13,"minecraft:white_wool":10,"minecraft:cobblestone":105,"minecraft:feather":2,"minecraft:cooked_beef":102,"minecraft:water_bucket":1,"minecraft:andesite":7,"minecraft:leather":16,"minecraft:smoker":1,"minecraft:flint":3,"minecraft:oak_log":7,"minecraft:yellow_bed":4,"minecraft:lapis_lazuli":75,"minecraft:dirt":68,"minecraft:cooked_mutton":4,"minecraft:bone":16,"minecraft:wheat_seeds":9,"minecraft:cooked_chicken":1,"minecraft:stone_pickaxe":2,"minecraft:grindstone":1,"minecraft:iron_ingot":4,"minecraft:fletching_table":1,"minecraft:glowstone_dust":1,"minecraft:acacia_sapling":1,"minecraft:oak_planks":21,"minecraft:cooked_porkchop":16,"minecraft:sweet_berries":25,"minecraft:gravel":6,"minecraft:spruce_sapling":1,"minecraft:blast_furnace":6,"minecraft:white_bed":2,"minecraft:spruce_log":4,"minecraft:spider_eye":1,"minecraft:diamond":6,"minecraft:stone_axe":3,"minecraft:coal":313,"minecraft:ender_pearl":1},"minecraft:broken":{"minecraft:golden_sword":1,"minecraft:stone_axe":1},"minecraft:killed":{"minecraft:witch":1,"minecraft:spider":5,"minecraft:skeleton":3,"minecraft:chicken":1,"minecraft:pig":7,"minecraft:bat":1,"minecraft:frog":1,"minecraft:creeper":1,"minecraft:sheep":10,"minecraft:zombie":18,"minecraft:cow":10,"minecraft:enderman":1},"minecraft:mined":{"minecraft:diamond_ore":2,"minecraft:white_bed":1,"minecraft:deepslate_diamond_ore":5,"minecraft:obsidian":13,"minecraft:hay_block":15,"minecraft:tall_seagrass":1,"minecraft:furnace":3,"minecraft:iron_ore":107,"minecraft:fire":18,"minecraft:andesite":8,"minecraft:fletching_table":1,"minecraft:deepslate_lapis_ore":6,"minecraft:deepslate_iron_ore":43,"minecraft:dirt_path":2,"minecraft:oak_stairs":18,"minecraft:stone":83,"minecraft:podzol":2,"minecraft:smithing_table":1,"minecraft:smoker":1,"minecraft:crafting_table":5,"minecraft:torch":4,"minecraft:short_grass":18,"minecraft:blast_furnace":2,"minecraft:lectern":91,"minecraft:tall_grass":11,"minecraft:copper_ore":8,"minecraft:cobblestone":3,"minecraft:lapis_ore":6,"minecraft:grindstone":1,"minecraft:sugar_cane":32,"minecraft:oak_planks":24,"minecraft:wall_torch":1,"minecraft:sweet_berry_bush":11,"minecraft:spruce_log":4,"minecraft:yellow_bed":2,"minecraft:oak_log":8,"minecraft:coal_ore":77,"minecraft:gravel":9,"minecraft:dirt":12,"minecraft:oak_leaves":6,"minecraft:deepslate":23,"minecraft:fern":18}},"DataVersion":3953}