{"stats":{"minecraft:used":{"minecraft:flint_and_steel":13,"minecraft:spruce_planks":1,"minecraft:shield":2,"minecraft:torch":16,"minecraft:dirt":32,"minecraft:oak_stairs":10,"minecraft:golden_sword":37,"minecraft:sweet_berries":22,"minecraft:furnace":1,"minecraft:egg":1,"minecraft:cooked_beef":9,"minecraft:cobbled_deepslate":2,"minecraft:cooked_mutton":2,"minecraft:stone_pickaxe":100,"minecraft:oak_planks":15,"minecraft:wooden_pickaxe":34,"minecraft:fletching_table":1,"minecraft:crafting_table":6,"minecraft:blast_furnace":1,"minecraft:white_bed":3,"minecraft:smoker":1,"minecraft:iron_pickaxe":103,"minecraft:lectern":90,"minecraft:gravel":2,"minecraft:stone_axe":214,"minecraft:cobblestone":20,"minecraft:cooked_porkchop":10,"minecraft:grindstone":1,"minecraft:yellow_bed":4,"minecraft:golden_pickaxe":5},"minecraft:picked_up":{"minecraft:crafting_table":6,"minecraft:chicken":1,"minecraft:golden_pickaxe":3,"minecraft:smithing_table":1,"minecraft:oak_stairs":16,"minecraft:golden_sword":4,"minecraft:shield":1,"minecraft:string":2,"minecraft:raw_copper":54,"minecraft:flint_and_steel":1,"minecraft:iron_leggings":1,"minecraft:cobbled_deepslate":2,"minecraft:spruce_planks":18,"minecraft:beef":9,"minecraft:iron_pickaxe":4,"minecraft:lectern":90,"minecraft:sugar_cane":45,"minecraft:egg":2,"minecraft:iron_boots":2,"minecraft:furnace":3,"minecraft:raw_iron":67,"minecraft:stick":57,"minecraft:torch":271,"minecraft:porkchop":9,"minecraft:redstone":4,"minecraft:arrow":8,"minecraft:rotten_flesh":2,"minecraft:hay_block":15,"minecraft:mutton":13,"minecraft:white_wool":10,"minecraft:cobblestone":77,"minecraft:feather":2,"minecraft:cooked_beef":94,"minecraft:andesite":2,"minecraft:leather":16,"minecraft:smoker":1,"minecraft:oak_log":7,"minecraft:yellow_bed":4,"minecraft:lapis_lazuli":39,"minecraft:dirt":68,"minecraft:cooked_mutton":4,"minecraft:bone":10,"minecraft:wheat_seeds":9,"minecraft:cooked_chicken":1,"minecraft:stone_pickaxe":2,"minecraft:grindstone":1,"minecraft:iron_ingot":3,"minecraft:fletching_table":1,"minecraft:glowstone_dust":1,"minecraft:acacia_sapling":1,"minecraft:oak_planks":21,"minecraft:cooked_porkchop":16,"minecraft:sweet_berries":25,"minecraft:gravel":2,"minecraft:spruce_sapling":1,"minecraft:blast_furnace":6,"minecraft:white_bed":2,"minecraft:spruce_log":4,"minecraft:spider_eye":1,"minecraft:stone_axe":3,"minecraft:coal":301},"minecraft:dropped":{"minecraft:wheat_seeds":9,"minecraft:golden_pickaxe":1,"minecraft:cooked_porkchop":6,"minecraft:dirt":18,"minecraft:torch":30,"minecraft:iron_leggings":1,"minecraft:oak_stairs":1,"minecraft:bone":2,"minecraft:cooked_chicken":1,"minecraft:rotten_flesh":1,"minecraft:iron_boots":1,"minecraft:andesite":2,"minecraft:oak_sapling":2,"minecraft:acacia_sapling":1,"minecraft:arrow":1,"minecraft:beef":1,"minecraft:stone_pickaxe":1},"minecraft:killed":{"minecraft:witch":1,"minecraft:spider":3,"minecraft:skeleton":1,"minecraft:chicken":1,"minecraft:pig":7,"minecraft:bat":1,"minecraft:frog":1,"minecraft:creeper":1,"minecraft:sheep":10,"minecraft:zombie":6,"minecraft:cow":10},"minecraft:custom":{"minecraft:mob_kills":42,"minecraft:interact_with_crafting_table":16,"minecraft:leave_game":2,"minecraft:time_since_death":5557,"minecraft:climb_one_cm":825,"minecraft:sprint_one_cm":231190,"minecraft:walk_one_cm":171606,"minecraft:damage_blocked_by_shield":321,"minecraft:drop":27,"minecraft:talked_to_villager":178,"minecraft:play_time":90277,"minecraft:deaths":4,"minecraft:sneak_time":2105,"minecraft:walk_under_water_one_cm":2059,"minecraft:jump":1481,"minecraft:interact_with_blast_furnace":7,"minecraft:walk_on_water_one_cm":16300,"minecraft:total_world_time":90277,"minecraft:interact_with_furnace":2,"minecraft:traded_with_villager":1,"minecraft:interact_with_grindstone":2,"minecraft:sleep_in_bed":7,"minecraft:time_since_rest":5596,"minecraft:damage_taken":3077,"minecraft:damage_dealt":4696,"minecraft:swim_one_cm":26449,"minecraft:fly_one_cm":290559,"minecraft:open_chest":25,"minecraft:crouch_one_cm":4586,"minecraft:interact_with_smoker":8,"minecraft:fall_one_cm":47382},"minecraft:mined":{"minecraft:white_bed":1,"minecraft:hay_block":15,"minecraft:tall_seagrass":1,"minecraft:furnace":3,"minecraft:iron_ore":49,"minecraft:fire":16,"minecraft:andesite":2,"minecraft:deepslate_lapis_ore":6,"minecraft:fletching_table":1,"minecraft:deepslate_iron_ore":17,"minecraft:dirt_path":2,"minecraft:oak_stairs":18,"minecraft:stone":63,"minecraft:podzol":2,"minecraft:smithing_table":1,"minecraft:smoker":1,"minecraft:crafting_table":5,"minecraft:torch":4,"minecraft:short_grass":18,"minecraft:blast_furnace":2,"minecraft:lectern":91,"minecraft:tall_grass":11,"minecraft:copper_ore":8,"minecraft:cobblestone":2,"minecraft:sugar_cane":32,"minecraft:grindstone":1,"minecraft:oak_planks":24,"minecraft:wall_torch":1,"minecraft:sweet_berry_bush":11,"minecraft:spruce_log":4,"minecraft:yellow_bed":2,"minecraft:oak_log":8,"minecraft:coal_ore":65,"minecraft:gravel":2,"minecraft:dirt":12,"minecraft:deepslate":2,"minecraft:oak_leaves":6,"minecraft:fern":18},"minecraft:killed_by":{"minecraft:player":1,"minecraft:creeper":2,"minecraft:zombie":1},"minecraft:crafted":{"minecraft:oak_planks":24,"minecraft:furnace":1,"minecraft:stone_pickaxe":1,"minecraft:cooked_beef":9,"minecraft:emerald":1,"minecraft:cooked_porkchop":9,"minecraft:crafting_table":3,"minecraft:spruce_planks":16,"minecraft:wooden_pickaxe":1,"minecraft:stone_axe":2,"minecraft:air":0,"minecraft:shield":1,"minecraft:stick":60,"minecraft:iron_ingot":13,"minecraft:iron_pickaxe":1,"minecraft:white_bed":1,"minecraft:torch":60},"minecraft:broken":{"minecraft:golden_sword":1,"minecraft:stone_axe":1}},"DataVersion":3953}