{"stats":{"minecraft:dropped":{"minecraft:wheat_seeds":6},"minecraft:killed":{"minecraft:sheep":6,"minecraft:zombie":2,"minecraft:pig":2,"minecraft:spider":3,"minecraft:frog":1,"minecraft:creeper":1},"minecraft:crafted":{"minecraft:oak_planks":24,"minecraft:crafting_table":2,"minecraft:spruce_planks":16,"minecraft:stick":8,"minecraft:wooden_pickaxe":1,"minecraft:stone_pickaxe":1,"minecraft:white_bed":1,"minecraft:stone_axe":1},"minecraft:custom":{"minecraft:time_since_rest":1381,"minecraft:sprint_one_cm":65177,"minecraft:damage_taken":140,"minecraft:walk_one_cm":23353,"minecraft:mob_kills":15,"minecraft:drop":6,"minecraft:damage_dealt":1596,"minecraft:swim_one_cm":16618,"minecraft:interact_with_crafting_table":5,"minecraft:fly_one_cm":65511,"minecraft:crouch_one_cm":190,"minecraft:play_time":15807,"minecraft:sneak_time":126,"minecraft:walk_under_water_one_cm":1368,"minecraft:jump":311,"minecraft:time_since_death":15807,"minecraft:walk_on_water_one_cm":7742,"minecraft:sleep_in_bed":1,"minecraft:climb_one_cm":825,"minecraft:total_world_time":15807,"minecraft:fall_one_cm":4058},"minecraft:mined":{"minecraft:podzol":2,"minecraft:tall_seagrass":1,"minecraft:white_bed":1,"minecraft:sweet_berry_bush":11,"minecraft:spruce_log":4,"minecraft:crafting_table":1,"minecraft:short_grass":2,"minecraft:oak_log":6,"minecraft:dirt":5,"minecraft:stone":27,"minecraft:sugar_cane":32,"minecraft:fern":18},"minecraft:used":{"minecraft:wooden_pickaxe":34,"minecraft:stone_axe":30,"minecraft:dirt":6,"minecraft:sweet_berries":17,"minecraft:crafting_table":2,"minecraft:white_bed":1},"minecraft:picked_up":{"minecraft:stick":1,"minecraft:crafting_table":1,"minecraft:sweet_berries":25,"minecraft:porkchop":5,"minecraft:oak_log":6,"minecraft:spruce_sapling":1,"minecraft:white_bed":1,"minecraft:spruce_log":4,"minecraft:string":2,"minecraft:spider_eye":1,"minecraft:dirt":6,"minecraft:rotten_flesh":1,"minecraft:wheat_seeds":6,"minecraft:sugar_cane":45,"minecraft:mutton":9,"minecraft:white_wool":6,"minecraft:cobblestone":27}},"DataVersion":3953}