{"stats":{"minecraft:dropped":{"minecraft:wheat_seeds":2},"minecraft:crafted":{"minecraft:crafting_table":1,"minecraft:spruce_planks":16,"minecraft:stick":4,"minecraft:wooden_pickaxe":1},"minecraft:custom":{"minecraft:time_since_rest":3807,"minecraft:crouch_one_cm":62,"minecraft:play_time":3807,"minecraft:sprint_one_cm":4872,"minecraft:walk_one_cm":3022,"minecraft:sneak_time":52,"minecraft:drop":2,"minecraft:jump":2,"minecraft:time_since_death":3807,"minecraft:total_world_time":3807,"minecraft:interact_with_crafting_table":1},"minecraft:mined":{"minecraft:podzol":2,"minecraft:dirt":5,"minecraft:sweet_berry_bush":10,"minecraft:spruce_log":4,"minecraft:stone":19,"minecraft:fern":14},"minecraft:used":{"minecraft:crafting_table":1,"minecraft:wooden_pickaxe":26},"minecraft:picked_up":{"minecraft:sweet_berries":25,"minecraft:wheat_seeds":2,"minecraft:spruce_log":4,"minecraft:dirt":6,"minecraft:cobblestone":19}},"DataVersion":3953}