{"stats":{"minecraft:used":{"minecraft:cooked_mutton":2,"minecraft:flint_and_steel":13,"minecraft:stone_pickaxe":100,"minecraft:oak_planks":15,"minecraft:spruce_planks":1,"minecraft:wooden_pickaxe":34,"minecraft:fletching_table":1,"minecraft:torch":9,"minecraft:dirt":24,"minecraft:crafting_table":5,"minecraft:white_bed":3,"minecraft:smoker":1,"minecraft:oak_stairs":10,"minecraft:iron_pickaxe":39,"minecraft:lectern":90,"minecraft:stone_axe":213,"minecraft:golden_sword":22,"minecraft:cobblestone":9,"minecraft:sweet_berries":22,"minecraft:grindstone":1,"minecraft:furnace":1,"minecraft:cooked_porkchop":10,"minecraft:yellow_bed":4,"minecraft:egg":1,"minecraft:cooked_beef":3,"minecraft:golden_pickaxe":5},"minecraft:picked_up":{"minecraft:crafting_table":4,"minecraft:feather":2,"minecraft:cooked_beef":71,"minecraft:chicken":1,"minecraft:andesite":2,"minecraft:golden_pickaxe":3,"minecraft:leather":13,"minecraft:smithing_table":1,"minecraft:smoker":1,"minecraft:oak_stairs":16,"minecraft:oak_log":7,"minecraft:yellow_bed":4,"minecraft:golden_sword":3,"minecraft:dirt":59,"minecraft:string":2,"minecraft:raw_copper":27,"minecraft:flint_and_steel":1,"minecraft:iron_leggings":1,"minecraft:cooked_mutton":4,"minecraft:bone":4,"minecraft:wheat_seeds":9,"minecraft:cooked_chicken":1,"minecraft:stone_pickaxe":2,"minecraft:grindstone":1,"minecraft:beef":9,"minecraft:iron_pickaxe":3,"minecraft:fletching_table":1,"minecraft:lectern":90,"minecraft:sugar_cane":45,"minecraft:acacia_sapling":1,"minecraft:oak_planks":21,"minecraft:iron_boots":2,"minecraft:egg":2,"minecraft:furnace":3,"minecraft:stick":43,"minecraft:raw_iron":26,"minecraft:cooked_porkchop":16,"minecraft:sweet_berries":25,"minecraft:torch":182,"minecraft:porkchop":9,"minecraft:spruce_sapling":1,"minecraft:blast_furnace":4,"minecraft:white_bed":2,"minecraft:spruce_log":4,"minecraft:spider_eye":1,"minecraft:arrow":2,"minecraft:rotten_flesh":2,"minecraft:stone_axe":2,"minecraft:hay_block":15,"minecraft:mutton":13,"minecraft:coal":188,"minecraft:white_wool":10,"minecraft:cobblestone":57},"minecraft:dropped":{"minecraft:wheat_seeds":9,"minecraft:cooked_chicken":1,"minecraft:golden_pickaxe":1,"minecraft:cooked_porkchop":6,"minecraft:rotten_flesh":1,"minecraft:iron_boots":1,"minecraft:dirt":15,"minecraft:andesite":2,"minecraft:oak_sapling":2,"minecraft:acacia_sapling":1,"minecraft:iron_leggings":1,"minecraft:oak_stairs":1,"minecraft:arrow":1,"minecraft:stone_pickaxe":1,"minecraft:beef":1,"minecraft:bone":2},"minecraft:killed":{"minecraft:pig":7,"minecraft:spider":3,"minecraft:frog":1,"minecraft:creeper":1,"minecraft:sheep":10,"minecraft:zombie":5,"minecraft:chicken":1,"minecraft:cow":10},"minecraft:custom":{"minecraft:interact_with_furnace":2,"minecraft:mob_kills":38,"minecraft:traded_with_villager":1,"minecraft:interact_with_crafting_table":14,"minecraft:interact_with_grindstone":2,"minecraft:leave_game":2,"minecraft:time_since_death":5954,"minecraft:climb_one_cm":825,"minecraft:sleep_in_bed":7,"minecraft:time_since_rest":5981,"minecraft:sprint_one_cm":197187,"minecraft:damage_taken":2225,"minecraft:walk_one_cm":150509,"minecraft:drop":25,"minecraft:damage_dealt":3852,"minecraft:swim_one_cm":23829,"minecraft:talked_to_villager":178,"minecraft:fly_one_cm":256441,"minecraft:open_chest":25,"minecraft:crouch_one_cm":3613,"minecraft:play_time":79472,"minecraft:deaths":3,"minecraft:sneak_time":1667,"minecraft:walk_under_water_one_cm":1828,"minecraft:jump":1255,"minecraft:interact_with_blast_furnace":4,"minecraft:walk_on_water_one_cm":14380,"minecraft:total_world_time":79472,"minecraft:interact_with_smoker":8,"minecraft:fall_one_cm":37133},"minecraft:mined":{"minecraft:podzol":2,"minecraft:smithing_table":1,"minecraft:white_bed":1,"minecraft:smoker":1,"minecraft:crafting_table":4,"minecraft:torch":4,"minecraft:short_grass":18,"minecraft:blast_furnace":1,"minecraft:lectern":91,"minecraft:copper_ore":8,"minecraft:tall_grass":11,"minecraft:cobblestone":2,"minecraft:sugar_cane":32,"minecraft:grindstone":1,"minecraft:oak_planks":24,"minecraft:wall_torch":1,"minecraft:hay_block":15,"minecraft:tall_seagrass":1,"minecraft:furnace":3,"minecraft:iron_ore":26,"minecraft:fire":16,"minecraft:sweet_berry_bush":11,"minecraft:spruce_log":4,"minecraft:andesite":2,"minecraft:fletching_table":1,"minecraft:yellow_bed":2,"minecraft:oak_log":8,"minecraft:coal_ore":61,"minecraft:dirt_path":2,"minecraft:oak_stairs":18,"minecraft:dirt":6,"minecraft:stone":55,"minecraft:oak_leaves":6,"minecraft:fern":18},"minecraft:killed_by":{"minecraft:player":1,"minecraft:creeper":1,"minecraft:zombie":1},"minecraft:crafted":{"minecraft:cooked_beef":9,"minecraft:oak_planks":24,"minecraft:emerald":1,"minecraft:cooked_porkchop":9,"minecraft:crafting_table":2,"minecraft:spruce_planks":16,"minecraft:wooden_pickaxe":1,"minecraft:furnace":1,"minecraft:stone_axe":2,"minecraft:air":0,"minecraft:stick":60,"minecraft:iron_ingot":9,"minecraft:iron_pickaxe":1,"minecraft:stone_pickaxe":1,"minecraft:white_bed":1,"minecraft:torch":60},"minecraft:broken":{"minecraft:stone_axe":1}},"DataVersion":3953}