{"stats":{"minecraft:dropped":{"minecraft:wheat_seeds":8,"minecraft:oak_sapling":2,"minecraft:acacia_sapling":1,"minecraft:beef":1},"minecraft:broken":{"minecraft:stone_axe":1},"minecraft:used":{"minecraft:cooked_mutton":2,"minecraft:flint_and_steel":13,"minecraft:stone_pickaxe":98,"minecraft:oak_planks":4,"minecraft:spruce_planks":1,"minecraft:wooden_pickaxe":34,"minecraft:fletching_table":1,"minecraft:torch":5,"minecraft:dirt":6,"minecraft:crafting_table":3,"minecraft:white_bed":2,"minecraft:smoker":1,"minecraft:stone_axe":102,"minecraft:cobblestone":7,"minecraft:sweet_berries":22,"minecraft:furnace":1,"minecraft:cooked_porkchop":9},"minecraft:custom":{"minecraft:interact_with_furnace":2,"minecraft:mob_kills":31,"minecraft:traded_with_villager":1,"minecraft:interact_with_crafting_table":7,"minecraft:time_since_death":39432,"minecraft:sleep_in_bed":2,"minecraft:climb_one_cm":825,"minecraft:time_since_rest":7805,"minecraft:sprint_one_cm":150014,"minecraft:damage_taken":952,"minecraft:walk_one_cm":61519,"minecraft:drop":11,"minecraft:damage_dealt":3072,"minecraft:talked_to_villager":5,"minecraft:swim_one_cm":23194,"minecraft:fly_one_cm":193221,"minecraft:open_chest":8,"minecraft:crouch_one_cm":1645,"minecraft:play_time":39432,"minecraft:sneak_time":911,"minecraft:walk_under_water_one_cm":1773,"minecraft:jump":948,"minecraft:interact_with_blast_furnace":1,"minecraft:walk_on_water_one_cm":11704,"minecraft:interact_with_smoker":2,"minecraft:total_world_time":39432,"minecraft:fall_one_cm":23643},"minecraft:mined":{"minecraft:smithing_table":1,"minecraft:podzol":2,"minecraft:white_bed":1,"minecraft:smoker":1,"minecraft:crafting_table":2,"minecraft:short_grass":17,"minecraft:tall_grass":5,"minecraft:sugar_cane":32,"minecraft:grindstone":1,"minecraft:oak_planks":15,"minecraft:hay_block":15,"minecraft:tall_seagrass":1,"minecraft:furnace":3,"minecraft:iron_ore":22,"minecraft:fire":16,"minecraft:sweet_berry_bush":11,"minecraft:spruce_log":4,"minecraft:fletching_table":1,"minecraft:oak_log":8,"minecraft:coal_ore":42,"minecraft:dirt_path":2,"minecraft:oak_stairs":7,"minecraft:dirt":5,"minecraft:stone":49,"minecraft:oak_leaves":5,"minecraft:fern":18},"minecraft:picked_up":{"minecraft:crafting_table":2,"minecraft:feather":2,"minecraft:cooked_beef":16,"minecraft:chicken":1,"minecraft:leather":4,"minecraft:smithing_table":1,"minecraft:smoker":1,"minecraft:oak_stairs":5,"minecraft:oak_log":7,"minecraft:dirt":8,"minecraft:string":2,"minecraft:flint_and_steel":1,"minecraft:cooked_mutton":4,"minecraft:wheat_seeds":8,"minecraft:beef":1,"minecraft:grindstone":1,"minecraft:fletching_table":1,"minecraft:sugar_cane":45,"minecraft:oak_planks":12,"minecraft:acacia_sapling":1,"minecraft:furnace":3,"minecraft:stick":1,"minecraft:raw_iron":22,"minecraft:cooked_porkchop":4,"minecraft:sweet_berries":25,"minecraft:porkchop":5,"minecraft:spruce_sapling":1,"minecraft:white_bed":2,"minecraft:spruce_log":4,"minecraft:spider_eye":1,"minecraft:rotten_flesh":1,"minecraft:hay_block":15,"minecraft:mutton":13,"minecraft:coal":52,"minecraft:white_wool":10,"minecraft:cobblestone":49},"minecraft:crafted":{"minecraft:oak_planks":24,"minecraft:emerald":1,"minecraft:cooked_porkchop":9,"minecraft:crafting_table":2,"minecraft:spruce_planks":16,"minecraft:wooden_pickaxe":1,"minecraft:furnace":1,"minecraft:stone_axe":1,"minecraft:air":0,"minecraft:stick":48,"minecraft:stone_pickaxe":1,"minecraft:white_bed":1,"minecraft:torch":12},"minecraft:killed":{"minecraft:pig":4,"minecraft:spider":3,"minecraft:frog":1,"minecraft:creeper":1,"minecraft:sheep":10,"minecraft:zombie":5,"minecraft:chicken":1,"minecraft:cow":6}},"DataVersion":3953}