{"stats":{"minecraft:dropped":{"minecraft:stick":1},"minecraft:used":{"minecraft:wooden_axe":20,"minecraft:crafting_table":1,"minecraft:leather_helmet":1,"minecraft:leather_boots":1},"minecraft:mined":{"minecraft:oak_log":5,"minecraft:birch_log":13,"minecraft:birch_leaves":3,"minecraft:oak_leaves":2},"minecraft:custom":{"minecraft:open_chest":5,"minecraft:time_since_rest":12719,"minecraft:sprint_one_cm":51446,"minecraft:play_time":12719,"minecraft:walk_one_cm":6078,"minecraft:sneak_time":114,"minecraft:walk_under_water_one_cm":1079,"minecraft:mob_kills":7,"minecraft:drop":1,"minecraft:jump":132,"minecraft:damage_dealt":640,"minecraft:walk_on_water_one_cm":3528,"minecraft:leave_game":2,"minecraft:time_since_death":12719,"minecraft:total_world_time":12719,"minecraft:swim_one_cm":13990,"minecraft:interact_with_crafting_table":2,"minecraft:fall_one_cm":4029,"minecraft:fly_one_cm":30366},"minecraft:picked_up":{"minecraft:birch_log":13,"minecraft:stick":2,"minecraft:leather":4,"minecraft:beef":10,"minecraft:oak_log":5,"minecraft:white_wool":3,"minecraft:mutton":5},"minecraft:crafted":{"minecraft:oak_planks":20,"minecraft:birch_planks":52,"minecraft:crafting_table":1,"minecraft:stick":4,"minecraft:wooden_axe":1},"minecraft:killed":{"minecraft:sheep":3,"minecraft:cow":4}},"DataVersion":3953}