{"stats":{"minecraft:dropped":{"minecraft:stick":1},"minecraft:custom":{"minecraft:jump":15,"minecraft:time_since_rest":2286,"minecraft:leave_game":1,"minecraft:sprint_one_cm":1573,"minecraft:play_time":2286,"minecraft:time_since_death":2286,"minecraft:walk_one_cm":860,"minecraft:total_world_time":2286,"minecraft:drop":1,"minecraft:fall_one_cm":476,"minecraft:fly_one_cm":2752},"minecraft:picked_up":{"minecraft:stick":1},"minecraft:mined":{"minecraft:birch_leaves":2,"minecraft:oak_leaves":1}},"DataVersion":3953}