{"stats":{"minecraft:killed":{"minecraft:pig":4,"minecraft:spider":3,"minecraft:frog":1,"minecraft:creeper":1,"minecraft:sheep":10,"minecraft:zombie":2,"minecraft:chicken":1,"minecraft:cow":4},"minecraft:dropped":{"minecraft:wheat_seeds":7},"minecraft:crafted":{"minecraft:oak_planks":24,"minecraft:cooked_porkchop":5,"minecraft:crafting_table":2,"minecraft:spruce_planks":16,"minecraft:wooden_pickaxe":1,"minecraft:furnace":1,"minecraft:stone_axe":1,"minecraft:air":0,"minecraft:stick":8,"minecraft:stone_pickaxe":1,"minecraft:white_bed":1},"minecraft:custom":{"minecraft:interact_with_furnace":2,"minecraft:mob_kills":26,"minecraft:interact_with_crafting_table":6,"minecraft:time_since_death":27807,"minecraft:sleep_in_bed":1,"minecraft:climb_one_cm":825,"minecraft:time_since_rest":13381,"minecraft:sprint_one_cm":112535,"minecraft:damage_taken":250,"minecraft:walk_one_cm":40498,"minecraft:drop":7,"minecraft:damage_dealt":2286,"minecraft:swim_one_cm":23194,"minecraft:fly_one_cm":143079,"minecraft:crouch_one_cm":1645,"minecraft:play_time":27807,"minecraft:sneak_time":906,"minecraft:walk_under_water_one_cm":1773,"minecraft:jump":727,"minecraft:walk_on_water_one_cm":11704,"minecraft:total_world_time":27807,"minecraft:fall_one_cm":16632},"minecraft:mined":{"minecraft:podzol":2,"minecraft:white_bed":1,"minecraft:crafting_table":2,"minecraft:short_grass":6,"minecraft:sugar_cane":32,"minecraft:tall_seagrass":1,"minecraft:furnace":1,"minecraft:iron_ore":22,"minecraft:fire":9,"minecraft:sweet_berry_bush":11,"minecraft:spruce_log":4,"minecraft:oak_log":6,"minecraft:coal_ore":42,"minecraft:dirt":5,"minecraft:stone":49,"minecraft:oak_leaves":1,"minecraft:fern":18},"minecraft:picked_up":{"minecraft:crafting_table":2,"minecraft:feather":2,"minecraft:cooked_beef":10,"minecraft:chicken":1,"minecraft:leather":1,"minecraft:oak_log":6,"minecraft:dirt":6,"minecraft:string":2,"minecraft:flint_and_steel":1,"minecraft:cooked_mutton":4,"minecraft:wheat_seeds":7,"minecraft:sugar_cane":45,"minecraft:acacia_sapling":1,"minecraft:furnace":1,"minecraft:stick":1,"minecraft:raw_iron":22,"minecraft:cooked_porkchop":4,"minecraft:sweet_berries":25,"minecraft:porkchop":5,"minecraft:spruce_sapling":1,"minecraft:white_bed":1,"minecraft:spruce_log":4,"minecraft:spider_eye":1,"minecraft:rotten_flesh":1,"minecraft:mutton":13,"minecraft:coal":52,"minecraft:white_wool":10,"minecraft:cobblestone":49},"minecraft:used":{"minecraft:cooked_mutton":2,"minecraft:flint_and_steel":9,"minecraft:stone_pickaxe":87,"minecraft:spruce_planks":1,"minecraft:wooden_pickaxe":34,"minecraft:dirt":6,"minecraft:crafting_table":3,"minecraft:white_bed":1,"minecraft:stone_axe":46,"minecraft:cobblestone":7,"minecraft:sweet_berries":22,"minecraft:furnace":1,"minecraft:cooked_porkchop":2}},"DataVersion":3953}