{"stats":{"minecraft:used":{"minecraft:cooked_mutton":2,"minecraft:flint_and_steel":13,"minecraft:stone_pickaxe":100,"minecraft:oak_planks":15,"minecraft:spruce_planks":1,"minecraft:wooden_pickaxe":34,"minecraft:fletching_table":1,"minecraft:torch":7,"minecraft:dirt":6,"minecraft:crafting_table":3,"minecraft:white_bed":3,"minecraft:smoker":1,"minecraft:oak_stairs":10,"minecraft:lectern":90,"minecraft:stone_axe":211,"minecraft:golden_sword":17,"minecraft:cobblestone":9,"minecraft:sweet_berries":22,"minecraft:grindstone":1,"minecraft:furnace":1,"minecraft:cooked_porkchop":10,"minecraft:yellow_bed":3,"minecraft:golden_pickaxe":2},"minecraft:picked_up":{"minecraft:crafting_table":2,"minecraft:feather":2,"minecraft:cooked_beef":16,"minecraft:chicken":1,"minecraft:leather":7,"minecraft:smithing_table":1,"minecraft:smoker":1,"minecraft:oak_stairs":16,"minecraft:oak_log":7,"minecraft:yellow_bed":4,"minecraft:dirt":8,"minecraft:string":2,"minecraft:flint_and_steel":1,"minecraft:cooked_mutton":4,"minecraft:wheat_seeds":8,"minecraft:grindstone":1,"minecraft:beef":9,"minecraft:fletching_table":1,"minecraft:lectern":90,"minecraft:sugar_cane":45,"minecraft:acacia_sapling":1,"minecraft:oak_planks":21,"minecraft:egg":1,"minecraft:furnace":3,"minecraft:stick":1,"minecraft:raw_iron":22,"minecraft:cooked_porkchop":4,"minecraft:sweet_berries":25,"minecraft:torch":3,"minecraft:porkchop":9,"minecraft:spruce_sapling":1,"minecraft:white_bed":2,"minecraft:spruce_log":4,"minecraft:spider_eye":1,"minecraft:rotten_flesh":1,"minecraft:hay_block":15,"minecraft:mutton":13,"minecraft:coal":52,"minecraft:white_wool":10,"minecraft:cobblestone":51},"minecraft:dropped":{"minecraft:wheat_seeds":8,"minecraft:oak_sapling":2,"minecraft:acacia_sapling":1,"minecraft:oak_stairs":1,"minecraft:beef":1},"minecraft:killed":{"minecraft:pig":7,"minecraft:spider":3,"minecraft:frog":1,"minecraft:creeper":1,"minecraft:sheep":10,"minecraft:zombie":5,"minecraft:chicken":1,"minecraft:cow":10},"minecraft:custom":{"minecraft:interact_with_furnace":2,"minecraft:mob_kills":38,"minecraft:traded_with_villager":1,"minecraft:interact_with_crafting_table":12,"minecraft:interact_with_grindstone":2,"minecraft:leave_game":1,"minecraft:time_since_death":66353,"minecraft:climb_one_cm":825,"minecraft:sleep_in_bed":3,"minecraft:time_since_rest":14951,"minecraft:sprint_one_cm":170442,"minecraft:damage_taken":952,"minecraft:walk_one_cm":136264,"minecraft:drop":12,"minecraft:damage_dealt":3772,"minecraft:swim_one_cm":23829,"minecraft:talked_to_villager":178,"minecraft:fly_one_cm":212816,"minecraft:open_chest":20,"minecraft:crouch_one_cm":2440,"minecraft:play_time":66353,"minecraft:sneak_time":1160,"minecraft:walk_under_water_one_cm":1828,"minecraft:jump":1058,"minecraft:interact_with_blast_furnace":3,"minecraft:walk_on_water_one_cm":14069,"minecraft:total_world_time":66353,"minecraft:interact_with_smoker":5,"minecraft:fall_one_cm":26569},"minecraft:mined":{"minecraft:podzol":2,"minecraft:smithing_table":1,"minecraft:white_bed":1,"minecraft:smoker":1,"minecraft:crafting_table":2,"minecraft:torch":2,"minecraft:short_grass":17,"minecraft:lectern":91,"minecraft:tall_grass":5,"minecraft:cobblestone":2,"minecraft:sugar_cane":32,"minecraft:grindstone":1,"minecraft:oak_planks":24,"minecraft:wall_torch":1,"minecraft:hay_block":15,"minecraft:tall_seagrass":1,"minecraft:furnace":3,"minecraft:iron_ore":22,"minecraft:fire":16,"minecraft:sweet_berry_bush":11,"minecraft:spruce_log":4,"minecraft:fletching_table":1,"minecraft:yellow_bed":2,"minecraft:oak_log":8,"minecraft:coal_ore":42,"minecraft:dirt_path":2,"minecraft:oak_stairs":18,"minecraft:dirt":5,"minecraft:stone":49,"minecraft:oak_leaves":6,"minecraft:fern":18},"minecraft:crafted":{"minecraft:oak_planks":24,"minecraft:emerald":1,"minecraft:cooked_porkchop":9,"minecraft:crafting_table":2,"minecraft:spruce_planks":16,"minecraft:wooden_pickaxe":1,"minecraft:furnace":1,"minecraft:stone_axe":2,"minecraft:air":0,"minecraft:stick":48,"minecraft:iron_ingot":9,"minecraft:stone_pickaxe":1,"minecraft:white_bed":1,"minecraft:torch":12},"minecraft:broken":{"minecraft:stone_axe":1}},"DataVersion":3953}