{"stats":{"minecraft:picked_up":{"minecraft:wheat":11,"minecraft:oak_stairs":31,"minecraft:brown_bed":6,"minecraft:enchanted_book":1,"minecraft:stone_brick_stairs":1,"tombstone:grave_key":1,"minecraft:polished_deepslate_wall":6,"minecraft:polished_deepslate":7,"paraglider:goddess_statue":2,"minecraft:string":2,"minecraft:raw_copper":87,"minecraft:smooth_stone_slab":2,"minecraft:pufferfish":1,"minecraft:experience_bottle":1,"minecraft:beetroot":2,"minecraft:diamond_leggings":1,"minecraft:gold_nugget":2,"minecraft:cobbled_deepslate":335,"minecraft:calcite":18,"minecraft:coal_block":2,"minecraft:stick":7,"minecraft:oak_fence":3,"minecraft:torch":24,"minecraft:acacia_log":7,"tombstone:grave_dust":5,"minecraft:diorite":161,"minecraft:green_terracotta":1,"minecraft:orange_bed":50,"minecraft:rotten_flesh":30,"minecraft:tropical_fish":3,"artifacts:villager_hat":1,"alexsmobs:emu_egg":1,"minecraft:white_terracotta":4,"minecraft:obsidian":96,"minecraft:cod":12,"alexsmobs:flying_fish":2,"minecraft:cobblestone":1670,"minecraft:magma_block":26,"minecraft:water_bucket":1,"minecraft:potato":15,"paraglider:spirit_orb":18,"minecraft:tuff":4,"create:raw_zinc":11,"minecraft:dirt":2400,"minecraft:lapis_lazuli":63,"minecraft:lantern":1,"minecraft:bone":8,"minecraft:wheat_seeds":87,"minecraft:raw_gold":4,"minecraft:diamond_helmet":1,"minecraft:bamboo":742,"minecraft:glowstone_dust":40,"minecraft:cyan_concrete":7,"minecraft:moss_block":1,"minecraft:oak_planks":5,"minecraft:sand":59,"minecraft:ink_sac":2,"minecraft:grass_block":1,"minecraft:jungle_slab":2,"minecraft:red_terracotta":13,"minecraft:mossy_cobblestone":2,"minecraft:diamond":3,"minecraft:granite":175,"minecraft:bone_meal":2,"minecraft:emerald":38,"minecraft:spruce_sign":1,"minecraft:bread":92,"minecraft:oak_sapling":2,"minecraft:netherrack":154,"minecraft:bricks":14,"minecraft:cocoa_beans":2,"minecraft:azure_bluet":2,"minecraft:ladder":2,"minecraft:leather_leggings":1,"minecraft:gold_block":28,"minecraft:cornflower":1,"minecraft:stone_stairs":1,"minecraft:iron_axe":1,"minecraft:orange_concrete":42,"minecraft:acacia_door":14,"minecraft:cyan_carpet":17,"minecraft:blackstone":60,"minecraft:cracked_stone_bricks":6,"minecraft:beef":12,"minecraft:oak_boat":14,"minecraft:poppy":1,"minecraft:chest":1,"minecraft:raw_iron":51,"minecraft:carrot":60,"alexsmobs:leafcutter_ant_pupa":1,"minecraft:dark_oak_planks":1,"minecraft:arrow":23,"minecraft:diamond_chestplate":1,"minecraft:beetroot_seeds":10,"minecraft:hay_block":93,"minecraft:saddle":2,"minecraft:totem_of_undying":1,"minecraft:oxeye_daisy":2,"minecraft:stripped_oak_log":1,"minecraft:basalt":33,"minecraft:leather":5,"minecraft:jungle_fence":2,"minecraft:filled_map":1,"minecraft:oak_log":10,"minecraft:yellow_bed":3,"minecraft:gunpowder":2,"minecraft:red_carpet":1,"minecraft:stone_bricks":10,"minecraft:kelp":65,"minecraft:iron_ingot":1,"minecraft:stripped_oak_wood":1,"minecraft:iron_sword":5,"minecraft:oak_slab":9,"minecraft:smooth_basalt":18,"minecraft:pumpkin":7,"minecraft:dandelion":22,"minecraft:gravel":3,"minecraft:white_bed":4,"minecraft:green_carpet":4,"justhammers:diamond_hammer":1,"minecraft:mossy_stone_brick_slab":2,"minecraft:spider_eye":1,"minecraft:brick_slab":2,"minecraft:pumpkin_seeds":8,"minecraft:iron_helmet":1,"minecraft:diamond_axe":1,"minecraft:melon_seeds":2,"minecraft:magenta_concrete":7,"minecraft:coal":230,"minecraft:ender_pearl":1},"minecraft:mined":{"minecraft:dark_oak_planks":1,"minecraft:white_bed":4,"minecraft:farmland":1,"minecraft:jungle_slab":2,"alexsmobs:leafcutter_anthill":1,"minecraft:jungle_leaves":5,"minecraft:acacia_log":18,"minecraft:grass_block":781,"minecraft:jungle_log":18,"minecraft:spawner":10,"friendsandfoes:oxidized_copper_button":2,"minecraft:tall_seagrass":2,"minecraft:glowstone":14,"minecraft:pumpkin":8,"minecraft:brown_bed":6,"minecraft:dirt_path":156,"minecraft:oak_stairs":28,"minecraft:orange_bed":52,"minecraft:kelp_plant":10,"minecraft:melon_stem":2,"minecraft:torch":4,"minecraft:poppy":1,"minecraft:chest":1,"minecraft:cobblestone":4,"minecraft:oak_planks":3,"minecraft:wall_torch":6,"minecraft:white_terracotta":1,"minecraft:wheat":41,"minecraft:stripped_oak_wood":1,"minecraft:grass":275,"minecraft:oak_log":11,"minecraft:beetroots":2,"minecraft:sand":62,"minecraft:dirt":1359,"minecraft:netherrack":1,"minecraft:oak_leaves":5,"create:zinc_ore":1,"minecraft:red_carpet":1,"minecraft:kelp":2,"minecraft:moss_block":1,"minecraft:hay_block":93,"minecraft:packed_mud":1,"minecraft:carrots":22,"minecraft:potatoes":5,"minecraft:cyan_concrete":1,"minecraft:stripped_oak_log":1,"minecraft:bamboo":39,"minecraft:bamboo_sapling":13,"minecraft:stone":31,"minecraft:oak_slab":3,"minecraft:dandelion":3,"minecraft:oak_fence":3,"minecraft:tall_grass":8,"minecraft:red_terracotta":5,"minecraft:birch_leaves":1,"minecraft:jungle_fence":2,"minecraft:mangrove_leaves":2,"minecraft:yellow_bed":3,"minecraft:gravel":4,"minecraft:acacia_door":14,"minecraft:fern":5,"paraglider:goddess_statue":2},"minecraft:killed":{"minecraft:witch":2,"minecraft:spider":3,"minecraft:cod":15,"creeperoverhaul:bamboo_creeper":1,"minecraft:skeleton":8,"alexsmobs:leafcutter_ant":5,"alexsmobs:straddler":1,"alexsmobs:stradpole":1,"minecraft:pillager":4,"minecraft:zombie":24,"alexsmobs:komodo_dragon":1,"minecraft:cow":4,"minecraft:evoker":1,"minecraft:vex":1,"alexsmobs:gorilla":1,"minecraft:drowned":1,"minecraft:husk":1,"creeperoverhaul:ocean_creeper":1,"minecraft:enderman":1},"minecraft:crafted":{"minecraft:oak_planks":84,"minecraft:lever":2,"minecraft:diamond_shovel":2,"minecraft:diamond_helmet":3,"minecraft:diamond_leggings":3,"minecraft:iron_boots":13,"justhammers:diamond_hammer":2,"minecraft:chest":12,"minecraft:emerald":92,"minecraft:diamond_axe":1,"minecraft:crafting_table":2,"minecraft:iron_helmet":13,"minecraft:hay_block":6,"minecraft:tnt":2,"minecraft:iron_chestplate":1,"minecraft:diamond_pickaxe":1,"minecraft:shield":1,"minecraft:stick":263,"minecraft:iron_ingot":30,"minecraft:iron_pickaxe":1,"minecraft:iron_block":8,"minecraft:gold_ingot":13,"minecraft:shears":1,"minecraft:leather_leggings":5,"minecraft:bone_meal":72,"minecraft:ladder":9,"minecraft:iron_hoe":1,"minecraft:diamond_boots":2,"minecraft:wheat":549,"minecraft:iron_sword":1,"minecraft:glowstone":9,"minecraft:bread":133,"minecraft:air":0,"minecraft:oak_boat":4,"justhammers:iron_hammer":1,"minecraft:iron_leggings":1,"minecraft:acacia_planks":4,"minecraft:torch":100,"minecraft:diamond_chestplate":2},"minecraft:killed_by":{"alexsmobs:elephant":1,"minecraft:blaze":1,"creeperoverhaul:jungle_creeper":1,"alexsmobs:bison":1,"minecraft:skeleton":5,"alexsmobs:tarantula_hawk":1},"minecraft:used":{"minecraft:ladder":8,"minecraft:chest":13,"minecraft:shield":22,"minecraft:iron_sword":419,"minecraft:carrot":136,"minecraft:tuff":2,"minecraft:obsidian":85,"minecraft:glass":14,"minecraft:bricks":7,"minecraft:stone_bricks":7,"minecraft:hay_block":54,"minecraft:oak_sapling":2,"minecraft:gold_block":1,"minecraft:potato":28,"minecraft:diorite":73,"minecraft:oak_planks":1,"minecraft:blackstone":57,"minecraft:diamond_axe":255,"minecraft:shears":2,"alexsmobs:terrapin_bucket":3,"minecraft:lever":2,"minecraft:bread":139,"minecraft:red_terracotta":5,"minecraft:pufferfish_bucket":1,"minecraft:oak_boat":14,"minecraft:tropical_fish_bucket":12,"minecraft:bone_meal":28,"minecraft:orange_concrete":35,"minecraft:flint_and_steel":31,"alexsmobs:flying_fish_bucket":3,"minecraft:tropical_fish":1,"minecraft:orange_bed":50,"minecraft:torch":95,"minecraft:dirt":1678,"minecraft:cod_bucket":8,"minecraft:salmon_bucket":1,"minecraft:granite":46,"minecraft:iron_hoe":110,"minecraft:chipped_anvil":1,"minecraft:iron_block":8,"minecraft:iron_axe":15,"minecraft:oak_stairs":4,"minecraft:smooth_basalt":9,"minecraft:bamboo":293,"minecraft:basalt":27,"minecraft:glowstone":16,"tombstone:gift":6,"alexsmobs:triops_bucket":2,"minecraft:pumpkin":3,"minecraft:golden_axe":5,"minecraft:brown_bed":6,"minecraft:water_bucket":172,"minecraft:cracked_stone_bricks":6,"justhammers:diamond_hammer":584,"minecraft:tnt":2,"minecraft:crafting_table":2,"minecraft:white_bed":4,"minecraft:cake":1,"minecraft:diamond_pickaxe":36,"minecraft:diamond_shovel":2200,"minecraft:iron_pickaxe":26,"minecraft:map":2,"minecraft:cobblestone":139,"minecraft:bucket":202,"minecraft:yellow_bed":2,"alexsmobs:animal_dictionary":1},"minecraft:dropped":{"minecraft:iron_sword":5,"minecraft:diamond_axe":1,"minecraft:emerald":16,"minecraft:gold_block":25,"minecraft:dirt":2,"minecraft:gold_nugget":2,"minecraft:iron_pickaxe":1,"minecraft:acacia_door":14,"minecraft:bone":1,"minecraft:blackstone":3,"minecraft:cobbled_deepslate":89,"minecraft:wheat":13,"minecraft:beetroot":2,"minecraft:rotten_flesh":4,"artifacts:villager_hat":1,"minecraft:oak_planks":9,"minecraft:mossy_stone_brick_slab":2,"minecraft:beetroot_seeds":5,"minecraft:melon_seeds":2,"minecraft:leather_leggings":6,"minecraft:basalt":7,"minecraft:arrow":1,"minecraft:stone_brick_stairs":1,"minecraft:netherrack":63,"minecraft:water_bucket":2,"minecraft:bread":275,"justhammers:diamond_hammer":2,"minecraft:wheat_seeds":65,"minecraft:diamond_leggings":2,"minecraft:cobblestone":300,"minecraft:granite":39,"minecraft:acacia_log":4,"minecraft:stick":6,"minecraft:pufferfish":1,"minecraft:jungle_slab":1,"minecraft:diorite":50,"minecraft:ink_sac":2,"tombstone:grave_key":1,"minecraft:diamond_helmet":2,"minecraft:potion":1,"minecraft:string":1,"minecraft:polished_deepslate_wall":2,"create:raw_zinc":5,"minecraft:dandelion":2,"minecraft:smooth_basalt":9,"minecraft:polished_deepslate":2,"minecraft:kelp":2,"minecraft:cocoa_beans":1,"minecraft:smooth_stone_slab":2,"minecraft:tuff":2,"minecraft:raw_iron":3,"minecraft:pumpkin_seeds":4,"minecraft:filled_map":2,"minecraft:potato":3,"minecraft:diamond_chestplate":2,"minecraft:spider_eye":1,"minecraft:diamond_boots":1,"minecraft:calcite":18,"minecraft:magma_block":22},"minecraft:custom":{"minecraft:animals_bred":1,"minecraft:interact_with_crafting_table":41,"minecraft:open_barrel":40,"minecraft:bell_ring":3,"minecraft:eat_cake_slice":8,"minecraft:time_since_death":71331,"minecraft:damage_resisted":24,"minecraft:sprint_one_cm":1315153,"minecraft:damage_blocked_by_shield":1639,"minecraft:drop":149,"minecraft:talked_to_villager":100,"minecraft:play_time":492912,"minecraft:deaths":15,"minecraft:jump":7565,"minecraft:walk_on_water_one_cm":88705,"minecraft:interact_with_furnace":4,"minecraft:traded_with_villager":132,"minecraft:sleep_in_bed":9,"minecraft:damage_dealt":15206,"minecraft:player_kills":2,"minecraft:crouch_one_cm":37980,"tombstone:undead_killed":34,"minecraft:interact_with_smoker":1,"minecraft:horse_one_cm":893235,"minecraft:interact_with_smithing_table":3,"minecraft:interact_with_anvil":1,"minecraft:mob_kills":84,"minecraft:damage_dealt_resisted":160,"minecraft:climb_one_cm":9941,"minecraft:walk_one_cm":1282444,"minecraft:sneak_time":13777,"minecraft:walk_under_water_one_cm":175802,"minecraft:boat_one_cm":244058,"minecraft:interact_with_blast_furnace":85,"minecraft:total_world_time":492912,"tombstone:raider_killed":7,"minecraft:time_since_rest":17653,"minecraft:damage_taken":10314,"minecraft:swim_one_cm":207373,"minecraft:fly_one_cm":952171,"minecraft:open_chest":567,"minecraft:fall_one_cm":129422},"minecraft:broken":{"minecraft:diamond_shovel":1}},"DataVersion":3465}