{"stats":{"minecraft:mined":{"minecraft:fire":5,"minecraft:mangrove_roots":4,"minecraft:dark_oak_stairs":1,"minecraft:grass":4,"minecraft:acacia_log":1,"minecraft:grass_block":1,"minecraft:poppy":1,"minecraft:jungle_log":1,"minecraft:dead_bush":1,"minecraft:mangrove_log":3,"minecraft:tall_grass":9,"minecraft:terracotta":2,"minecraft:oak_leaves":3,"minecraft:spawner":2},"minecraft:picked_up":{"minecraft:pink_concrete":1,"minecraft:jungle_log":1,"minecraft:brown_terracotta":5,"minecraft:acacia_log":1,"justhammers:iron_hammer":1,"paraglider:spirit_orb":4,"minecraft:potion":1,"tombstone:grave_key":1,"justhammers:diamond_hammer":1,"minecraft:bone":2,"minecraft:string":1,"minecraft:dirt":3,"minecraft:moss_carpet":1,"minecraft:orange_terracotta":3,"minecraft:arrow":2,"artifacts:villager_hat":1,"alexsmobs:emu_egg":4,"minecraft:white_terracotta":6,"minecraft:terracotta":66,"minecraft:mangrove_roots":4,"minecraft:gold_ingot":3,"minecraft:bread":28,"minecraft:poppy":1,"minecraft:iron_pickaxe":1,"minecraft:brick_stairs":2,"minecraft:oak_sapling":1,"minecraft:dark_oak_stairs":1,"minecraft:bricks":3,"minecraft:coal":8,"minecraft:mangrove_propagule":2,"minecraft:mangrove_log":3,"minecraft:cobblestone":50},"minecraft:crafted":{"minecraft:mangrove_planks":12,"minecraft:jungle_planks":4},"minecraft:killed":{"minecraft:skeleton":1,"minecraft:spider":1},"minecraft:killed_by":{"minecraft:vindicator":1,"minecraft:skeleton":1,"minecraft:pillager":1},"minecraft:used":{"minecraft:moss_carpet":1,"minecraft:brick_stairs":2,"minecraft:bread":6,"minecraft:iron_pickaxe":2,"minecraft:pink_concrete":1,"minecraft:dirt":3,"minecraft:mangrove_roots":4,"justhammers:diamond_hammer":50,"tombstone:gift":2,"minecraft:jungle_planks":4,"alexsmobs:animal_dictionary":1},"minecraft:dropped":{"tombstone:grave_key":1,"minecraft:potion":1,"artifacts:villager_hat":1},"minecraft:custom":{"minecraft:time_since_rest":5199,"minecraft:sprint_one_cm":59416,"minecraft:damage_taken":1481,"minecraft:walk_one_cm":102729,"minecraft:mob_kills":2,"minecraft:drop":3,"minecraft:damage_dealt":564,"minecraft:talked_to_villager":3,"minecraft:fly_one_cm":77239,"tombstone:undead_killed":1,"minecraft:open_chest":3,"minecraft:crouch_one_cm":2573,"minecraft:play_time":24917,"minecraft:deaths":4,"minecraft:sneak_time":677,"minecraft:walk_under_water_one_cm":1566,"minecraft:leave_game":1,"minecraft:jump":630,"minecraft:walk_on_water_one_cm":3704,"minecraft:time_since_death":5421,"minecraft:climb_one_cm":1721,"minecraft:total_world_time":24917,"minecraft:fall_one_cm":24052}},"DataVersion":3465}